segment,end_index,PW_WTC,E_CCDC,CD2_P
au,0,,,
au,1,,,
au,2,,,
au,3,,,
au,4,,,
au,5,,,
au,6,,,
au,7,,,
au,8,,,
au,9,,,
au,10,,,
au,11,,,
au,12,,,
au,13,,,
au,14,,,
au,15,,,
au,16,,,
au,17,,,
au,18,,,
au,19,,,
au,20,,16.110215554246135,
au,21,,15.78044571680093,1.0175239071639515
au,22,,15.671704830015301,1.0146297786688205
au,23,,15.603901580268458,1.0166065508726962
au,24,,15.688008971809941,1.0343717790593254
au,25,,17.505278604714956,1.1434772133394413
au,26,,17.17385223085101,1.1990566171035921
au,27,,17.67988551021135,1.2182022772068526
au,28,,17.541303827620556,1.253369417449083
au,29,,15.958409104165812,1.1455077406190604
au,30,,15.078377672173188,0.9586139587678922
au,31,,16.193122530032326,0.9255978491064539
au,32,,15.919332515879466,0.9972229360949579
au,33,,15.020370768876234,1.0046656904820424
au,34,,12.889006200113144,1.1228808293120425
au,35,,12.723392138414132,0.9861199143825651
au,36,,11.100615918776894,0.8462258154824563
au,37,,10.77337904195462,0.8336525594453527
au,38,,9.996595616246907,0.8254717600653496
au,39,,7.510431842651276,0.795774401952318
au,40,,7.854608305811585,0.7269293884256155
au,41,,7.9515247302122525,0.7592471667816846
au,42,,9.876807722891076,0.8552317602341877
au,43,,9.751988957369507,0.913586444248371
au,44,,9.949224186043715,0.8656632807183354
au,45,,8.304256387411774,0.7956553422205005
au,46,,11.381153733245647,0.8878377070917454
au,47,,10.83750944782187,0.9479848474464523
au,48,,10.801505281676576,0.8826264512678991
au,49,,10.682467292464736,0.9005976833514597
au,50,,10.90373979026211,0.8962795581429638
au,51,,9.265221968519034,0.8440739153846463
au,52,,9.81715650070934,0.7767606229320659
au,53,,8.510004693549515,0.7539376377765095
au,54,,9.22551256073316,0.6484019367079795
au,55,,9.290549380134605,0.6865807713272291
au,56,,9.056036008357081,0.6819683249430625
au,57,,10.8497938238663,0.7102725369239395
au,58,,13.11623568320391,1.0751600569528406
au,59,,13.67678100736417,1.2515009809340136
au,60,,14.312250602509224,1.2202759529095584
au,61,,14.570554982018248,1.1887706262732265
au,62,,12.838004295103975,1.0921258307724397
au,63,,15.810543517510935,1.0799466687813644
au,64,,20.493696880462824,1.0799466575618797
au,65,,20.785549250409893,1.4138097176222493
au,66,,18.5289852141578,1.3333229966068803
au,67,,19.961308848866622,1.2465223246209371
au,68,,19.698481562108775,1.329772423648701
au,69,,23.7289867329483,1.4637183971521945
au,70,,23.540957259473267,1.647368740410219
au,71,,23.547834645751717,1.6366059622767501
au,72,,23.189996057055406,1.6379250819540345
au,73,,23.1292915858662,1.6307166279558978
au,74,,23.18823330508748,1.6307166040163177
au,75,,24.373619666985284,1.7842011246189675
au,76,,26.05160614329268,1.9309034370703728
au,77,,26.045595987154318,1.8903126709285
au,78,,23.653167857190297,1.616797235664374
au,79,,23.40130816172377,1.4600895589745801
au,80,,26.659891491880668,1.4924124306767053
au,81,,26.772758059464625,1.6046383862019071
au,82,,26.65738239501785,1.6081927157265135
au,83,,23.646825563116053,1.5617676661486157
au,84,,22.08556220984742,1.7051624238981287
au,85,,22.35053343930297,1.625729117138698
au,86,,22.93406150159751,1.6638246286911618
au,87,,21.697753500766034,1.792463537694911
au,88,,21.897368067224953,1.7060685204605621
au,89,,21.708799765719355,1.6758351170005328
au,90,,22.076688314694998,1.7735787126866667
au,91,,22.05848213833799,1.7812861758682776
au,92,,23.2152047989397,1.8569747637556102
au,93,,23.43503961547009,1.9437410195470357
au,94,,23.444357371308296,2.0156257405058375
au,95,,22.302504036130685,1.879273180055957
au,96,,22.044743553969287,1.812871874276503
au,97,,20.21407299923301,1.8818805348412353
au,98,,20.406854396385985,1.7947805042664733
au,99,,19.98682406058256,1.7973176901595938
au,100,,15.74842931333677,1.7599230445003968
au,101,,17.1313169671023,1.7484015766948227
au,102,,17.20955943533541,1.7746790593035497
au,103,,18.624208428029522,1.785441824229893
au,104,,15.0991229187056,1.6701068149395042
au,105,,14.850765639207292,1.3573019783069002
au,106,,14.15552334843589,1.3299142758275
au,107,,16.831130908161942,1.4298344211071485
au,108,,16.645088970642934,1.5232039116422644
au,109,,13.90550422808839,1.4681680742062337
au,110,,15.367037127891,1.385699860707753
au,111,,15.363593787068181,1.4439801207682446
au,112,,14.40423357305541,1.3750905356287897
au,113,,14.172073198874937,1.3025377369814224
au,114,,13.385551502356536,1.232137131754746
au,115,,15.551552922759777,1.211452094475769
au,116,,14.432307087956572,1.1667673040523758
au,117,,15.258587622861704,1.0986222695954206
au,118,,16.218670645461167,1.0879593401956662
au,119,,18.00398878259732,1.0690898990471618
au,120,,18.68733222049129,1.0719802121220199
au,121,,17.928213756525544,0.972240431280915
au,122,,19.25869455356962,0.9438812712254188
au,123,,18.416069241556528,0.9364118598645276
au,124,,18.58319146460803,0.9083521114054032
au,125,,18.248264251558783,0.932856299544334
au,126,,19.14500725542399,0.9541027676859994
au,127,,20.966453748395292,0.7721452212925214
au,128,,21.35963765381553,0.8008179095538963
au,129,,20.874980613067965,0.7389934933664275
au,130,,19.183956292853196,0.5879168620092251
au,131,,20.8357104312049,0.5314125054289526
au,132,,23.091593314275116,0.8895009899455181
au,133,,23.11693005821295,0.9283069213261911
au,134,,22.731480328510507,0.9135804509449735
au,135,,20.5327064187603,0.8864240901799034
au,136,,21.654809924763196,0.9137762948231316
au,137,,22.289372303527458,0.9126580612157558
au,138,,22.099497262889887,1.1093932014298602
au,139,,20.44164479506802,1.1078655443248484
au,140,,19.68153619336897,1.105735236106742
au,141,,18.58472778770499,1.1027899282562983
au,142,,17.1594897428768,1.1061408376494917
au,143,,16.777491937960463,1.1209569429706534
au,144,,17.38497563661651,1.177051979718328
au,145,,18.393623326304517,1.1566100419115344
au,146,,16.889119351474132,1.0961865986663453
au,147,,13.75847127741553,1.1313101175056293
au,148,,15.680406027069676,1.010286371642647
au,149,,15.178568089587603,1.0564555476132056
au,150,,14.987351957558582,1.0298287072358199
au,151,,15.120845183372985,1.0559615597041683
au,152,,12.47788955052217,0.7395064364884516
au,153,,13.031584873278604,0.69901168485686
au,154,,13.830998053678094,0.8239311422022824
au,155,,15.040379142901388,0.9736236215123624
au,156,,15.945605084925358,1.113428180132701
au,157,,14.62373910464952,1.2687092183020656
au,158,,14.691857012545164,1.0970885583670902
au,159,,16.158420619923824,1.2347475342728749
au,160,,17.013782428434574,1.4033259185693998
au,161,,17.354411868811585,1.4100788742035713
au,162,,17.511522236270615,1.4549505074884495
au,163,,17.576949408933604,1.4630187105625414
au,164,,16.91587188453963,1.4630186598952628
au,165,,17.174313179149227,1.5173314928947905
au,166,,17.080759661729296,1.4943435551056645
au,167,,15.507151533150285,1.412518721154702
au,168,,16.369786862052155,1.494466486728525
au,169,,16.35351257196894,1.5953908833161454
au,170,,16.921964709705374,1.614659543635432
au,171,,18.40736203143153,1.6113611096594658
au,172,,18.574189297806317,1.6655177548070754
au,173,,18.039830837999958,1.7004531895731207
au,174,,18.905391037436456,1.6324911097252717
au,175,,20.250203514381,1.5135080698559873
au,176,,17.928580329624733,1.3463513065924209
au,177,,18.869372845274068,1.238026186197072
au,178,,17.930190733509175,1.2650226724333795
au,179,,17.82633954517894,1.3093405132591545
au,180,,19.67038539344141,1.543864218769098
au,181,,19.341484078771547,1.5847044894702051
au,182,,19.339864943436847,1.5433769592184594
au,183,,20.327984551760625,1.6095503738075183
au,184,,22.116155112326233,1.5506162716049643
au,185,,20.75631956994355,1.5464542105887285
au,186,,20.781683482085167,1.5126151476728564
au,187,,20.845032687331095,1.5170330870491118
au,188,,18.222114097926745,1.4508098342761069
au,189,,19.523235540049633,1.3028462468416135
au,190,,19.281897598247657,1.2637793432785036
au,191,,16.015223639867333,1.2386200980369109
au,192,,15.875899742216204,1.1331957650611633
au,193,,16.905583120377802,1.0878583608966859
au,194,,16.283797978046255,1.22560835357982
au,195,,14.55560668277832,1.281917352592036
au,196,,14.728448074095272,1.3478181462166674
au,197,,14.290489957582881,1.3490657414851523
au,198,,15.033861574761847,1.4117716879747633
au,199,,13.781970292682683,1.2372528443523827
au,200,,14.425146123887915,0.9011569566495772
au,201,,15.261057346013997,1.1762139615235
au,202,,16.986912480717805,1.3197634310485469
au,203,,15.750321264245489,1.330775683854923
au,204,,13.79881035161304,1.3314845137972684
au,205,,14.250668231812647,1.2774212030282628
au,206,,14.44768377564184,1.2812288800750018
au,207,,15.066772724185428,1.3273697585508006
au,208,,15.75211642322786,1.4651478463241094
au,209,,14.685712399474903,1.4726172582157113
au,210,,15.2729082368188,1.4759106032928546
au,211,,16.187568843124893,1.4670248088840026
au,212,,19.304783560570993,1.4809721474840067
au,213,,20.094375467262985,1.4750418077637761
au,214,,19.540426102937804,1.305314466510653
au,215,,18.63795018891571,1.216417793207172
au,216,,18.619962595292357,1.11951326188689
au,217,,19.141600191511788,1.0911975992425038
au,218,,18.55220620358118,0.9823224589979728
au,219,,18.271468166241277,0.9801997741526688
au,220,,16.50122777652019,0.996159830715526
au,221,,15.953273109061028,0.760054394647835
au,222,,16.414334187158097,0.7985854473065641
au,223,,16.66905821661015,0.8082605393329926
au,224,,18.06174389862432,0.9303026448175185
au,225,,17.760137003474988,1.027305725723207
au,226,,17.728984283297628,1.0607878787802423
au,227,,17.05826178816304,1.015916245495364
au,228,,16.127242025015942,0.8947314590481921
au,229,,16.270095127471212,0.9370135888252759
au,230,,16.135792822664342,1.0487049050200337
au,231,,15.263423664577338,1.0575906804094135
au,232,,13.428832584904125,1.0870437173662937
au,233,,11.612019796154263,1.1830477032669908
au,234,,13.44898944506442,1.2331958308564308
au,235,,13.781186625305208,1.3778138337081467
au,236,,13.712863514671058,1.3859945751392022
au,237,,13.72163391924989,1.501443641294611
au,238,,15.771004669596511,1.692237101280087
au,239,,16.053440727353802,1.807676057385946
au,240,,15.464815009849103,1.7303406696574797
au,241,,17.504715233120187,1.6495764780627338
au,242,,16.01323724782665,1.4770994540689861
au,243,,15.823936460084377,1.3953309197973673
au,244,,16.445587316784366,1.306625061167629
au,245,,16.440127537376735,1.2558178931685513
au,246,,16.302665681487245,1.2223357228472147
au,247,,16.991262909799598,1.2163939340031757
au,248,,16.73763182389953,1.2546827089071544
au,249,,16.330175572351365,1.2004696867760931
au,250,,15.59430012303676,1.0989769240800988
au,251,,15.549123942557511,1.12743462087632
au,252,,14.35552033699439,1.0805298389848195
au,253,,14.287028161598728,0.9838605944179311
au,254,,12.615605693896585,0.9575179552098719
au,255,,12.518176820660454,0.8273514187006562
au,256,,12.426957006857208,0.8163353530457927
au,257,,11.588438602268718,0.6813528517889171
au,258,,9.568388466218277,0.49587939298535433
au,259,,9.47356543499619,0.3731782879245772
au,260,,9.34678688422641,0.4041820981316586
au,261,,7.4955335678687165,0.3978423841020115
au,262,,6.58387234447955,0.3894159226651344
au,263,,7.2451272003183576,0.365304584659537
au,264,,5.294465287793865,0.33252618208989493
au,265,,5.98543018145162,0.38333328486007057
au,266,,6.70776916466838,0.39272446071628936
au,267,,6.160003854709043,0.39662937101060525
au,268,,6.577117557122261,0.3935076144096319
au,269,,6.528465723342027,0.40356024953460573
au,270,,6.515599074489485,0.39219483183172277
au,271,,7.520281761248831,0.3637371547593991
au,272,,7.409587683932333,0.3749477524231348
au,273,,7.688167632250023,0.3759623496319395
au,274,,7.650766929208404,0.3315397763207379
au,275,,7.430969826488382,0.31109790396634207
au,276,,7.592006714236552,0.31144723144167313
au,277,,8.311483674389747,0.33351782224534726
au,278,,8.013244422738147,0.4146389129808149
au,279,,8.66221453175094,0.4336272534754573
au,280,,9.0298764898833,0.39699256698277996
au,281,,8.55013584817142,0.45311201451170446
au,282,,8.774272427618111,0.44883999325986285
au,283,,8.080660769636271,0.4566574411260636
au,284,,9.693219575105054,0.4894358051732145
au,285,,10.03204336499354,0.3963453415266375
au,286,,9.561804671407087,0.5258758935491005
au,287,,9.581530753804255,0.5701744504940031
au,288,,10.440032070775501,0.5453594980244223
au,289,,11.344974073028725,0.6743834843883704
au,290,,14.106901512930515,0.7035268455665695
au,291,,13.404918358361117,0.9017361912380095
au,292,,13.92268971118679,0.9628594463494077
au,293,,14.91867801360597,0.9636270791988066
au,294,,14.74434186869446,0.9579961860274585
au,295,,15.68361053741119,0.9622606119032732
au,296,,15.686465291828743,0.9782435804971477
au,297,,18.091796665405987,1.014803900382172
au,298,,18.108231806042955,1.1540790174219966
au,299,,18.384482955934164,1.1680377982141446
au,300,,17.205206241903362,1.1785395528682558
au,301,,17.214173623713634,1.125924499675258
au,302,,16.989859504672655,1.1213120302063977
au,303,,18.567698988616762,1.225363640446836
au,304,,16.968796498006444,1.2433784362835547
au,305,,15.891993169308755,1.260282579412755
au,306,,15.693642631596985,1.1139976075568478
au,307,,22.910822702695633,1.3031327067712395
au,308,,29.28221129301464,1.258735565608228
au,309,,30.228590844974555,1.2079004059859952
au,310,,27.43825830423944,1.2536051589628134
au,311,,27.217891047779254,1.0484867917408098
au,312,,27.23305810046843,1.0003179410985628
au,313,,26.225621560588436,1.0695773896730338
au,314,,25.887487174632295,1.0691718055148256
au,315,,25.645776022946063,1.0999323797819363
au,316,,25.83026157010883,1.0895303729704997
au,317,,22.47926710818981,1.074993361399121
au,318,,22.57509837417485,0.8436897949780463
au,319,,21.547936025094717,0.8348578065926976
au,320,,21.603930713404235,0.8487105008167372
au,321,,21.836132554145834,0.8471828680448135
au,322,,21.85922249568091,0.8560673595349472
au,323,,20.269091864388056,0.7416522238755078
au,324,,20.51870937119274,0.7041128903282792
au,325,,20.684521757378626,0.6825361903121174
au,326,,20.6181121254845,0.6876079642798422
au,327,,14.370168045890596,0.5195327188339673
au,328,,7.384619852878241,0.6342983847569144
au,329,,5.803188774355113,0.5518375212746953
au,330,,6.681762371148565,0.4837474469997795
au,331,,9.87182712448149,0.5116714620720291
au,332,,9.394962100142278,0.671460044291021
au,333,,9.472963389661983,0.6070139640447678
au,334,,10.195282533746262,0.6838157656506364
au,335,,9.554402833577601,0.6491900091113935
au,336,,9.37535913540748,0.6443766792469476
au,337,,10.270550719425774,0.607291609449624
au,338,,10.771388358352375,0.6133280866385125
au,339,,10.694046321481945,0.6142262930373261
au,340,,10.609051156256298,0.5897221331667342
au,341,,10.676320418650153,0.6051971707541401
au,342,,12.157507388539848,0.6716904581162342
au,343,,12.175779794358192,0.7214702846096331
au,344,,15.446674367207862,0.8884582536347518
au,345,,15.741789619039487,1.1549303601441487
au,346,,17.195978781922005,1.2588385672970022
au,347,,16.06921391755272,1.2457458699125177
au,348,,15.679958427603681,1.1373199355711645
au,349,,15.832671925093004,1.130980221487163
au,350,,15.064104747025798,1.1309802007124998
au,351,,12.912423045902147,1.1261426855504906
au,352,,14.95576431286251,1.1880540339248018
au,353,,16.473622692899447,1.4919833650264
au,354,,16.310490915925925,1.561112197061282
au,355,,16.818959347558913,1.6728034999882715
au,356,,16.649689956573553,1.6716865405949481
au,357,,16.395053771144543,1.705168627456889
au,358,,15.810288075013899,1.7077147043052636
au,359,,16.209459801922424,1.700103263619146
au,360,,18.13862517725173,1.7439412470934321
au,361,,23.138472569185137,1.786820904414661
au,362,,21.913171867789323,1.7868208506057
au,363,,21.94904327083403,1.7380133577002914
au,364,,18.514705883046197,1.5938483574150222
au,365,,18.457305009998688,1.3368621442236064
au,366,,18.5922470869903,1.3878201747252932
au,367,,18.981352922451006,1.3567639699805216
au,368,,20.730407210226126,1.549653296208473
au,369,,22.9220451086312,1.559088011005559
au,370,,23.05647584833,1.6753724131091088
au,371,,22.185942123320682,1.69110329618968
au,372,,20.751571413824465,1.4480774882707168
au,373,,18.996295440634807,1.1743597929716525
au,374,,18.351800611187414,1.0288347381415874
au,375,,17.776791907465633,0.9140996046640961
au,376,,18.72102766655364,0.9375519983290614
au,377,,17.956032195434293,0.9375520013406955
au,378,,18.949981727385545,0.9694604026366205
au,379,,19.78832371748226,0.9519574256463462
au,380,,17.8448354584403,0.9623324239230256
au,381,,12.952596278825634,0.9151397003122932
au,382,,12.695236803980274,0.8525551867646605
au,383,,12.7548225406495,0.8452930370457616
au,384,,12.784360078729444,0.8294750359312202
au,385,,12.808376364459793,0.8721000614945418
au,386,,11.3762747392727,0.7452103213447917
au,387,,12.039922860275919,0.7848427527793908
au,388,,9.961735643395732,0.6445478445625863
au,389,,7.432445408639554,0.6414528432537847
au,390,,7.193572569893257,0.5162839408573902
au,391,,7.1841680024271435,0.48330087456583076
au,392,,8.098865172040664,0.5055250202964457
au,393,,8.98620301568064,0.6473870286447951
au,394,,8.94183480503079,0.6807232492536339
au,395,,12.004976846580437,0.7782547909175835
au,396,,13.135587482781029,0.7559193571553449
au,397,,13.185223408630154,0.7922301856180137
au,398,,12.645118718940509,0.8034957798027752
au,399,,12.808846429401981,0.8187661086994215
au,400,,13.881122548903651,0.7652606802651776
au,401,,13.944030477270166,0.7567433131962187
au,402,,20.77714762542066,0.8417311603197057
au,403,,20.808340560130954,1.046181489528777
au,404,,20.9143434671174,1.0879044377016929
au,405,,24.348180545782576,1.302265521485793
au,406,,25.36751846066676,1.296225227428635
au,407,,24.342083055855785,1.2863016002914005
au,408,,24.474711514168362,1.2385780490392229
au,409,,25.027384666149164,1.2474574618027394
au,410,,25.018705886309192,1.267255705360945
au,411,,24.877756450674973,1.2607112820180624
au,412,,23.87887782141695,1.2369146900810266
au,413,,24.08488332035288,1.170172044938633
au,414,,24.26732611570105,1.2008226787803473
au,415,,21.20214414219873,1.1102001485301816
au,416,,23.275677964951292,1.1926826905612171
au,417,,23.28812881789437,1.2096560890963586
au,418,,23.46471767072252,1.1682080752256108
au,419,,22.10067655453544,1.1641995218315657
au,420,,25.102643096406286,1.2500367040830895
au,421,,24.6139150023373,1.3743574755804522
au,422,,17.76005167156223,1.2807397368775473
au,423,,17.79680720365513,1.07796676073514
au,424,,18.02922665987937,1.0591154445910813
au,425,,15.35537966857169,0.9525814535372901
au,426,,14.192704845665421,0.9700217088530477
au,427,,17.035035250634333,1.0360043791613398
au,428,,17.28378423616465,1.040012908485789
au,429,,17.475285489772393,1.0273334941225365
au,430,,17.863798268243894,1.0096617447914402
au,431,,18.111022412723177,1.0083439029579506
au,432,,18.63230150303287,1.0907523078750094
au,433,,17.783747578577525,1.0736984179387785
au,434,,17.60651513691976,1.036907684805748
au,435,,19.49522254829152,1.1168225292915916
au,436,,16.17797555612345,1.182702965316372
au,437,,16.547631117627187,1.1881329661825637
au,438,,16.199964743219162,1.2452362241493418
au,439,,16.177562254299374,1.2471643610590029
au,440,,12.432129157520711,1.1899613005233585
au,441,,13.620911605066413,1.0699049547067887
au,442,,23.794608880851367,1.2102482485273427
au,443,,23.809294008341553,1.431805058843248
au,444,,24.05272455896891,1.4762085945943255
au,445,,22.670387380715905,1.3432785591629348
au,446,,22.657870124213087,1.2988815028244258
au,447,,20.199390443387976,1.2262791223827905
au,448,,21.085420443378876,1.288164979208485
au,449,,20.88328224742882,1.2868919386666702
au,450,,20.72275198453355,1.2850149638204242
au,451,,22.399965527950418,1.3120229424496104
au,452,,21.37976455744378,1.284467355904349
au,453,,23.339849194653098,1.2166563337363885
au,454,,23.74986029429723,1.2166563686184846
au,455,,21.85844459418494,1.1430748337797065
au,456,,21.050347304880592,0.9947118419700101
au,457,,21.95912894292607,0.959899078740654
au,458,,21.70230284689218,0.9469561383638739
au,459,,21.697947713577882,0.9340208334299046
au,460,,23.33051069887729,1.0073642445098743
au,461,,22.7219053541941,1.0293773120607135
au,462,,12.554388008944663,0.8838522654874023
au,463,,12.437305737133252,0.6608714372488269
au,464,,13.371143256615634,0.7010130137553958
au,465,,15.899867733831202,0.8339430462071127
au,466,,16.008505615412986,0.874737162141859
au,467,,16.003555614500936,0.828312078206268
au,468,,14.749941927336431,0.7519159219846853
au,469,,14.364841311513958,0.7938486957482997
au,470,,19.588958967280828,0.895116121900519
au,471,,17.966875526230837,0.9971015279857363
au,472,,18.616299759716426,0.9411854605331993
au,473,,16.493775996600366,0.911334542521586
au,474,,16.082701950741857,0.8884501525245668
au,475,,16.371976436412428,0.9041299124435614
au,476,,17.868205341227647,1.0391442223529606
au,477,,16.726555642057637,1.488324991264298
au,478,,18.345979606316565,1.448073421605259
au,479,,18.33456294723524,1.4947746882875148
au,480,,18.317177537428307,1.411367164045637
au,481,,19.60139921529163,1.3807715388001758
au,482,,19.610166837789112,1.452396564362401
au,483,,19.77541369493107,1.4799982693937561
au,484,,18.0491668464362,1.3527833110996637
au,485,,15.893913510788376,1.1934555957780535
au,486,,17.692239304991837,1.4161380853484933
au,487,,17.39629011052017,1.4931126848726795
au,488,,17.852583740800327,1.4936705296341821
au,489,,17.92231821685562,1.5137195992313013
au,490,,15.035135928402944,1.5870197558609804
au,491,,20.197824656917767,1.48897640933147
au,492,,19.55956669234376,1.6486598910450279
au,493,,19.782708574959603,1.6598205854135786
au,494,,19.90858027954959,1.6565272543512237
au,495,,19.776553128932978,1.6345141671745413
au,496,,18.264835849322633,1.4961451692100467
au,497,,18.184469068874307,0.9823186816141245
au,498,,16.662581707837308,0.9919631940382001
au,499,,17.19058550129245,0.98585265133493
au,500,,15.432283321220234,0.9719065587626523
au,501,,13.799248189364981,1.0185080648973794
au,502,,15.238308360136903,1.0751164216630762
au,503,,15.057393226473256,1.1019835736669477
au,504,,15.655499488210788,1.1200929949581526
au,505,,19.397356740959257,1.188746022644907
au,506,,18.9109513757303,0.9467948827671473
au,507,,19.07865399499133,0.8826135530108604
au,508,,19.981237597242934,0.9122457404723783
au,509,,19.6995375368878,0.8731622279521527
au,510,,17.471820685767668,0.7181433978037646
au,511,,11.900926960682597,0.7151495097745023
au,512,,13.075065094735832,0.594909008036954
au,513,,13.424852467713185,0.5875521319555278
au,514,,13.528328695350865,0.6198699545708105
au,515,,15.232048241369847,0.6388891213277118
au,516,,15.29251627435073,0.7645186853167643
au,517,,15.77745964660032,0.8165285696910829
au,518,,15.633619675870236,0.8222643193732433
au,519,,15.605416217641363,0.8188135946626502
au,520,,15.565355398241104,0.8491685621758344
au,521,,15.766120215919885,0.8039910904854045
au,522,,15.366605454586997,0.6749977033827008
au,523,,15.447701856553522,0.7369375255420461
au,524,,15.354016986785622,0.7174040867832202
au,525,,11.709209602759161,0.6492589931484929
au,526,,10.660506540240702,0.7200653380945546
au,527,,10.406518586150511,0.7428882863304057
au,528,,9.197327936232819,0.7158431723139705
au,529,,9.960683818818827,0.7091299427169676
au,530,,15.638034376238856,0.804316334834809
au,531,,16.60408011072305,0.8535163476214128
au,532,,15.788576382609389,0.8138699366034161
au,533,,16.161166612228843,0.8231549726346398
au,534,,17.91948362741422,0.7910866600009338
au,535,,17.51602430809466,0.7649089628437704
au,536,,18.79629008203422,0.6383159645705239
au,537,,22.51471321052211,0.6270503749032159
au,538,,23.86374614210648,0.6186750865872861
au,539,,23.559971883409055,0.6684355633038591
au,540,,23.717398326999966,0.6327491312858189
au,541,,23.50818734324109,0.6338609874689348
au,542,,23.410533228810284,0.6385335308237545
au,543,,24.255120308162056,0.5221248514885156
au,544,,25.771508858876583,0.5223807379637861
au,545,,25.300808493678474,0.6101143836703152
au,546,,27.701419247783566,0.6405333686764489
au,547,,27.780572934657037,0.7300859840484992
au,548,,28.110708898356407,0.7262322375184358
au,549,,27.317063164484253,0.7338437048200787
au,550,,21.30267763859215,0.6171317865060134
au,551,,20.707180702251076,0.5489125935914623
au,552,,20.335215657762937,0.5933097348088279
au,553,,19.411617320806535,0.5890567701641981
au,554,,18.836561952951524,0.5995700386304728
au,555,,19.40167827298448,0.911206977376479
au,556,,18.113222572283142,1.0032354956385157
au,557,,14.247975233746878,0.9626447279908251
au,558,,14.56205034715079,0.9436589347765556
au,559,,14.414859439614586,0.9086148161065887
au,560,,15.17619012869876,0.9379565533990875
au,561,,15.072743362704534,0.9998131507378369
au,562,,14.118438073738927,1.0076817912751663
au,563,,13.112072300077099,1.007581987416811
au,564,,11.25107737777796,1.015908659340588
au,565,,15.223387782582568,1.0963952551406781
au,566,,13.068116480151609,1.0413595405680924
au,567,,14.66299332040383,0.9157301272379321
au,568,,16.128968977599794,0.9160333622576349
au,569,,16.109427447389123,0.9586851495914442
au,570,,16.24126495721607,0.9659972186436101
au,571,,16.774765581084576,0.9870122121652963
au,572,,17.115824961244105,0.9464688053696987
au,573,,19.22542326069685,1.106870224495292
au,574,,18.116115556223804,1.2473644628680984
au,575,,16.433752589093377,0.9821526181818232
au,576,,16.520069698978894,0.8897696923598376
au,577,,16.114261596712254,0.8941876280039535
au,578,,14.574897844771883,0.8918513561720677
au,579,,15.014537134977557,0.8423312806724451
au,580,,13.940429137137224,0.8348043175268935
au,581,,14.27706663349715,0.7891468646089738
au,582,,14.295978933040265,0.8045617981942914
au,583,,14.924059525575567,0.821810165734752
au,584,,14.842143700548322,0.8598291554480875
au,585,,12.002155487548373,0.7174985978618025
au,586,,11.36131476391136,0.7059029640854116
au,587,,10.165634562569624,0.7213395338018521
au,588,,8.97621503572848,0.8318613836887162
au,589,,9.454539814061592,0.8412512857315794
au,590,,9.432090457301504,0.8377929525143734
au,591,,8.720580300249825,0.8152042335709944
au,592,,9.58319746012933,0.8509968671164221
au,593,,8.238062391233282,0.7984215024514765
au,594,,8.538246405024662,0.7786270134303594
au,595,,9.077631394011448,0.7363652726613659
au,596,,9.095882138454616,0.747627048185273
au,597,,9.354973437967788,0.7430555854061761
au,598,,9.55370528179171,0.7431553892858376
au,599,0.9561387778153072,9.068504943414688,0.7484267823367344
au,600,0.9568059696388085,9.139352636897126,0.7427561597780517
au,601,0.9570129171997116,10.094494001062293,0.7706225872723749
au,602,0.9569903502548162,11.24878130259798,0.9266712285126578
au,603,0.9568884597566405,11.369491488505398,0.9198312036470156
au,604,0.9567195251602942,11.32958769719545,0.912572789685301
au,605,0.9565315481567502,10.462357721816083,0.8875928178161334
au,606,0.9563876757709546,10.640456743750057,0.8340130736437283
au,607,0.9562659488803888,10.165893218541216,0.8340130736437283
au,608,0.9561349171276277,9.729392501239769,0.7290785857338379
au,609,0.956023464663161,9.393272184032856,0.6519224789471113
au,610,0.9559107351041052,10.97552213721721,0.7531593208921328
au,611,0.9558887050133414,11.266954549402728,0.7625504951444799
au,612,0.9558754389440862,10.08718518553394,0.747069131991566
au,613,0.955893161576895,9.243177180674493,0.6602581058688133
au,614,0.955883966012116,9.962662480801077,0.583187823795138
au,615,0.9559053173967584,9.269979957312628,0.710487082942338
au,616,0.9559565945860581,15.67092158120316,0.9903123870227453
au,617,0.955903112726734,15.823746747890693,1.0505938915579134
au,618,0.9558996802953201,15.750698486164895,1.0502394800592918
au,619,0.9560143866529017,15.842966724276959,1.0483189549448464
au,620,0.956121100064432,15.974399389158602,1.0333429479452219
au,621,0.9560868365961626,14.925485834319986,1.011501555223279
au,622,0.9559763623041515,14.064518733885805,0.8490734984229824
au,623,0.9559052748193677,13.76934645201805,0.8987931825813744
au,624,0.9558250282435748,13.817117789139688,0.8861036142067743
au,625,0.9558396309442425,13.588167164204362,0.8879805981166188
au,626,0.9558532348026001,13.538244088331968,0.8948755916739337
au,627,0.9559663106365011,13.508041465498472,0.8870581238238069
au,628,0.956027342301946,13.688570326621662,0.8840066523548847
au,629,0.9559984727262286,15.845858495524556,1.1657552195688323
au,630,0.9560127583327036,14.200068519278176,1.0947097199617875
au,631,0.956140541273389,13.751153688285688,1.080546190787162
au,632,0.956299720545445,15.553878118523523,1.1400563292216614
au,633,0.9566394313168258,15.440337703699765,1.1690897056885292
au,634,0.9570891005059964,21.043600184008838,1.31219935818639
au,635,0.957488127215912,21.05167967839172,1.5396799600915179
au,636,0.957830753316757,16.527284415264273,1.2728090604802618
au,637,0.9581160394576517,17.292780786472175,1.2323143554000726
au,638,0.9581467807942298,17.88667464096277,1.2455042661221496
au,639,0.9577454104793126,18.03498648039038,1.323288772404648
au,640,0.9570855789619604,17.906284458568056,1.3405997523576518
au,641,0.9561999854734645,17.854402380416648,1.3300569463869314
au,642,0.9550915290264387,17.54713962010824,1.3123851675051987
au,643,0.9542760234619136,17.08251536843115,1.2579443214420163
au,644,0.9536202532536276,17.181958437159896,1.2348412543209755
au,645,0.9528423238410523,17.249039205107746,1.263984565888073
au,646,0.952177850668167,17.140305142648124,1.2545498692725177
au,647,0.9516306740646838,18.797069398484965,1.3195449646704351
au,648,0.951292361781328,18.516262552439315,1.3382313343750767
au,649,0.9512155426264057,17.208347880328912,1.1113060371518715
au,650,0.9509399033122167,17.985821240836312,1.080100075902484
au,651,0.9496147398346905,26.863742430996787,1.2517092538646637
au,652,0.9483702443628496,25.784720329994542,1.3232638931757104
au,653,0.9471364854294689,27.709347969389633,1.2702202606493775
au,654,0.9462191314120234,22.402329553925306,1.0722577678544973
au,655,0.9458166258166552,23.639485200571087,0.7116372132574492
au,656,0.9451248409839959,22.7638554209446,0.6894489817521637
au,657,0.9446426164216278,21.64366444971327,0.7069557490432267
au,658,0.9435774448087406,22.01764056047335,0.7878953952373721
au,659,0.9423354350485101,21.897665241466214,0.8249751598484225
au,660,0.9414113593863382,21.903097517630698,0.8153716338629688
au,661,0.9408451661420157,21.76823744149745,0.8007999586720763
au,662,0.9404472730470409,21.85792121616892,0.7994859144095138
au,663,0.940286539067397,21.99054151224843,0.8042070978584208
au,664,0.9398689229260913,22.682877294629186,0.817056579428408
au,665,0.9395618304201623,24.340805375245377,0.9680131003473373
au,666,0.9393486446603656,24.384075594809367,1.0042587245274088
au,667,0.9393068607606613,23.05466219612606,0.9633749143662403
au,668,0.9393082489648216,26.549438932059434,1.1819314220267392
au,669,0.9394740755451728,26.274559033089798,1.1948743587194202
au,670,0.9398489914030811,27.082230065660394,1.1933019087149543
au,671,0.9397637475510288,18.54375971590469,1.1460491699070754
au,672,0.9392330197492101,17.743329109397287,1.03161358314465
au,673,0.9381783855603871,17.523420103174477,1.0701200719881747
au,674,0.9369057472554841,15.912535445748885,1.1459583424572157
au,675,0.9353762223241601,20.671240587411898,1.3610219106983712
au,676,0.9343671964036288,19.72046859226697,1.6990585927164414
au,677,0.9343625265906899,19.732691843520378,1.6616639456164344
au,678,0.9350382699779689,20.145907547944592,1.6670938852289536
au,679,0.935928726569845,20.191819764594424,1.6732352576078948
au,680,0.9369280833084581,20.339064988218635,1.664359654258145
au,681,0.9378420031019494,20.392838811637976,1.6894741035386411
au,682,0.9385730361019277,20.45274257706206,1.6871378351895407
au,683,0.9388689886418219,20.62634736013511,1.7234307376528615
au,684,0.9389688172271922,19.961469502724423,1.7440709928992184
au,685,0.9386435184300548,19.58141319601166,1.6748830819193492
au,686,0.9380497621824329,19.938479452735834,1.6436580553143976
au,687,0.9374568061898544,19.85922908778392,1.6109642305574066
au,688,0.9372819535990093,16.413645951919772,1.3959455009050552
au,689,0.9372204051101077,16.500655801371572,1.3376651858111586
au,690,0.9373253886829935,16.429863657622793,1.3495372795057283
au,691,0.9374607867188807,16.159510483012408,1.2858896431703466
au,692,0.937813253964824,17.94997519518474,1.355920599264461
au,693,0.9384995881613658,16.433448606408025,1.3240135522946173
au,694,0.9391897532560397,16.5415047464869,1.2593986106192925
au,695,0.9394595769178419,11.961599559928128,1.0911899233797164
au,696,0.9395622825595755,13.656854456811773,0.9827833785868959
au,697,0.9395513604685161,14.858693915746693,1.2286993967937874
au,698,0.9395133737764939,13.264376156670817,1.1984032212727809
au,699,0.9396277857073001,15.899828021468743,1.136202619873729
au,700,0.9398061876264295,15.679330669731666,1.2752791683702918
au,701,0.9398974409610187,17.210207716155185,1.3273208817443845
au,702,0.9401272636500005,17.375245240852806,1.4438293642611533
au,703,0.9399811767886957,17.07497196119763,1.4268254523498323
au,704,0.9396603863323604,16.993342706012484,1.4040025041139812
au,705,0.9394765369731086,16.325153430051067,1.3171418094400882
au,706,0.9391630604731431,19.73961138810695,1.6320870360811135
au,707,0.9387642740593768,20.598323063516325,1.6470029277193572
au,708,0.9386306648321119,20.294215651130006,1.6470029584196915
au,709,0.9384673093258568,19.492611479382084,1.6386353068830333
au,710,0.938555372685986,18.735005226354463,1.6349312828162537
au,711,0.9386185729327515,18.672261526263515,1.6113292162565072
au,712,0.9385835319598699,17.102840794659947,1.5004528883250374
au,713,0.9385746986740932,16.89578297917821,1.495274930847534
au,714,0.9386241837242177,16.82029071919849,1.4840516090915237
au,715,0.9386087037387931,16.593305956569534,1.456983528595691
au,716,0.9384992180211928,14.693803984899972,1.2930917041614316
au,717,0.938308236585893,13.64045265800051,1.050065988210589
au,718,0.9381774389170187,14.388547527650832,1.073185590760243
au,719,0.9382741690609785,11.873602263812145,1.009198796297108
au,720,0.9383860281240183,11.888620484953385,0.8847822624099887
au,721,0.938620099633978,10.505104923713205,0.8201672611176959
au,722,0.9390035139000387,10.915032155228339,0.7107674124952149
au,723,0.9394004918700436,11.792995510045365,0.6808666265629326
au,724,0.9399090994814974,12.13757831619395,0.7500211890661602
au,725,0.9406293667714527,11.791667883187047,0.7310020082337876
au,726,0.9410723444126872,8.420928304579833,0.4127634285580207
au,727,0.9413156702948339,7.371254354903932,0.40643011377455884
au,728,0.9415270054790872,7.371623442299531,0.3839065125668859
au,729,0.9416044410787593,8.635466613602125,0.4168845239485651
au,730,0.941717697108658,9.112325628651012,0.604133845222625
au,731,0.9419885649447435,9.341136479783696,0.6753125450179311
au,732,0.9422820271241097,12.967597050742091,0.9212286553059943
au,733,0.9423607786978024,13.68673650956924,1.247123708588692
au,734,0.9424620525402785,14.420281423369582,1.3135720739862982
au,735,0.9424747587048947,13.408386797926157,1.2950020352307576
au,736,0.9425624931197247,14.833946651307663,1.2463251928440797
au,737,0.9426860002948815,14.565216242097495,1.2743849654752182
au,738,0.9426284241626032,13.929133977339973,1.1945432503070297
au,739,0.9421969689299521,13.70744127591868,1.19388432616124
au,740,0.9420832837997594,17.83644036463167,1.311855056080914
au,741,0.9418875963781923,17.458170476825146,1.441146597646712
au,742,0.941175676729977,17.73678479483967,1.4711780376017976
au,743,0.9399417512829549,17.664850836284344,1.4722451018534346
au,744,0.9383670324012876,17.873035766743925,1.3902972614083813
au,745,0.9363499477918038,19.1350536664713,1.3864320522437346
au,746,0.9333348849310622,19.04896622020712,1.4177018662118677
au,747,0.9297883951246885,19.31271384080157,1.4090194854774245
au,748,0.925972420410807,19.590448706381622,1.406479784211785
au,749,0.9221204606256758,18.433385274577844,1.3813204637845806
au,750,0.9180071716603171,17.74560172635358,1.1909761062483293
au,751,0.9150768288193272,17.739962334573352,1.1524848071256564
au,752,0.9135772563072324,14.07375880141862,0.907686930645421
au,753,0.9124849903653222,13.798707222273359,0.6188769242223109
au,754,0.91117271579079,13.421787316423352,0.5546663130003437
au,755,0.9095852140481571,13.808620771088693,0.5553764281012211
au,756,0.9083565680280321,12.83557834441921,0.5380654468043735
au,757,0.9072117395157301,13.193123623601558,0.507216452271151
au,758,0.9069392139924463,13.94879257238574,0.5979706185219426
au,759,0.9072575432073686,14.738596023426469,0.5981241486089965
au,760,0.9072429720222134,10.657624132066847,0.509331429966425
au,761,0.9073650688046632,10.722771911474384,0.3677533310168949
au,762,0.9079655704523983,9.866257561892615,0.3323865858693404
au,763,0.9072526454932832,10.435473364956529,0.3487712956755071
au,764,0.906153449368323,9.773358390274062,0.39024345892075274
au,765,0.9057391192315482,8.721003628395193,0.41821997022400326
au,766,0.9052853335959948,9.521795782742844,0.46392476395398263
au,767,0.9049129167665936,9.335851057892201,0.4804245761684668
au,768,0.9041256223223707,11.307432330047043,0.5144696143139567
au,769,0.9037351019523813,11.638536788640755,0.5487832656476808
au,770,0.9030905013631333,11.047491017874464,0.5569640902121954
au,771,0.9021696960386879,10.922225278906714,0.4874693662534228
au,772,0.9009926731665093,10.702512925539857,0.4970140615470509
au,773,0.9002982612731806,11.01442021811832,0.472453638372634
au,774,0.9003267858079441,10.627379247983713,0.50519484319621
au,775,0.900888189588555,10.014228771388334,0.5144286820636298
au,776,0.9019608738060003,10.855453276511676,0.6159456215029947
au,777,0.903063288122193,10.54433997192191,0.6720151665274727
au,778,0.9039142192588047,10.830555386524328,0.6507992301153052
au,779,0.904029763427082,19.079581343156725,0.7968296683090418
au,780,0.9034172599937292,19.34988776300539,0.9439476799087643
au,781,0.9021070879243361,19.721831596766012,0.9472486482723953
au,782,0.8999464698797865,24.263063712890705,1.0273002004405885
au,783,0.8973178051059314,24.210851627151655,1.0273001984690688
au,784,0.8945030281204593,27.176897408527346,1.0008040321953773
au,785,0.8919127964080896,27.935311944761708,0.9790175560152444
au,786,0.8889762066613268,29.585014959589476,0.9092014967180597
au,787,0.885815171952166,29.99384350476474,0.9175615252826288
au,788,0.8834415437150239,27.743309889350492,0.9033531607802033
au,789,0.8827469536287537,29.08568176997085,0.9162732512184205
au,790,0.8837494727370787,31.287518038384004,0.9030194005967146
au,791,0.88585401484579,32.20851816278004,0.9126702829542034
au,792,0.8880179571197712,32.24999066670167,0.9697736128936517
au,793,0.8900959639799326,32.344454298168,0.9666401553242931
au,794,0.891760585880424,32.77481272340877,0.9950901519806216
au,795,0.893696837356214,32.88683899560264,0.986419234589567
au,796,0.8957552918482213,33.10971985367385,0.9110799728391521
au,797,0.8979602711368829,34.01887237847955,0.8608511207849838
au,798,0.8998453024578219,33.482721466676615,0.7790262868340214
au,799,0.9011848873681466,24.487461878335512,0.6473129360126527
au,800,0.9020105154025062,24.157531067867385,0.46168836839921024
au,801,0.9021247738161748,23.726890079335924,0.4582338741561597
au,802,0.9012379388950272,19.080401432108626,0.3781823307158758
au,803,0.8994393007808952,17.97085787056952,0.36270733077911294
au,804,0.8968732041601811,15.833871457796386,0.34985782316889175
au,805,0.8940264204590149,14.547760750552499,0.3628122391753942
au,806,0.8906942406949548,12.50904584458897,0.3651370659246046
au,807,0.8871993849412004,12.411304805305885,0.34596439086151914
au,808,0.8843514745007353,12.616362368776288,0.33343978402928115
au,809,0.8797212261769171,22.901824960229277,0.5809913277611867
au,810,0.8758431637729801,21.079542737325653,1.221721487387591
au,811,0.8722293972197925,20.737267683737937,1.2879333874476062
au,812,0.8691770799611086,21.152333277355176,1.2227580178027688
au,813,0.8678513950973021,21.569109563172553,1.3208204698141897
au,814,0.8685065330359544,21.12280796072511,1.3042771430960656
au,815,0.869963268876066,21.464831960055896,1.3232629086129641
au,816,0.8724507740616403,20.102364789580907,1.3065685475027504
au,817,0.8753432112891897,20.0512696092602,1.3112897035675768
au,818,0.8781349902053953,21.186741088178742,1.3157076429438324
au,819,0.8802602169457835,21.349248228623793,1.3186388953645263
au,820,0.8825385650665031,24.081533925942225,1.3716825154264716
au,821,0.883706133836951,24.489921850635113,1.5631479423982642
au,822,0.8845810645576837,24.756615309095807,1.562238235085445
au,823,0.8853512417441696,25.38139781566614,1.637366391602469
au,824,0.8851902991556095,24.78880903096895,1.6938441156409625
au,825,0.8848556749439848,24.793747092524164,1.6966358817574345
au,826,0.8839042289430326,24.329368609749913,1.7133302022042893
au,827,0.8836744832226383,24.33633964896663,1.7894679247308936
au,828,0.8837481618390713,25.339130970766178,1.7867772100134878
au,829,0.8840244918636047,13.48716216642795,1.4943167465978893
au,830,0.8842746619904509,13.285130086991014,0.8526231531155823
au,831,0.884474281295193,13.006434450507227,0.807966283981987
au,832,0.8844988501243433,13.633276446414646,0.9201923072926697
au,833,0.88394330995524,12.402044243262315,0.8427701470242217
au,834,0.883060629674653,12.420841804713866,0.8058284512465095
au,835,0.8811474670918154,14.149149601422506,0.9174927639439941
au,836,0.8778519452893622,14.522573671607788,0.9194209213478429
au,837,0.8732606243293757,13.725397759495378,0.9461526779606282
au,838,0.8685467032064726,12.0073372406289,0.9714321326837413
au,839,0.8636445898111534,11.719821622037225,0.9568194845543878
au,840,0.858348341235444,9.721504194895017,0.9308823775647103
au,841,0.8536964512457319,9.592860802335558,0.787519341070524
au,842,0.8500480437351787,9.638118923719215,0.8260986460212163
au,843,0.8472166730644051,9.262971715960859,0.809325175349229
au,844,0.8451048153811666,9.123125974743866,0.759605491190837
au,845,0.8438574403474159,9.242939400421038,0.7326486901137316
au,846,0.8431966717363757,8.962842008705275,0.7050469850823767
au,847,0.8443948767923413,10.59847089998808,0.6674158036348123
au,848,0.8471652316996405,10.234400664652759,0.6734062231405595
au,849,0.8510961433667205,10.625088958713636,0.7711244508779017
au,850,0.8561684002811367,11.384370987523349,0.8544962969592907
au,851,0.8621668244587869,11.122331573872225,0.879385408802876
au,852,0.8674517451992373,10.035428501650902,0.7887847070967129
au,853,0.870199694739029,10.478926299603103,0.7531684434579671
au,854,0.8710425378735226,10.692967688767718,0.743934608148973
au,855,0.8704307259605115,9.044745588223583,0.6180568952197482
au,856,0.8696198307184947,10.200014594973974,0.7742054494555637
au,857,0.8680861617662279,11.604844954271575,0.9914565785031394
au,858,0.8662673825056877,11.534220606197199,1.0059528521286154
au,859,0.864785846376525,11.738785234213363,1.0030625501708659
au,860,0.8636795763990757,11.022604966362088,0.9867686994962482
au,861,0.8627885095964715,10.760165975389384,0.9405931703810616
au,862,0.8618664661473806,11.772996998315516,0.9686618335017327
au,863,0.8610098405963331,11.767046967397835,0.9146700916544593
au,864,0.8603465021375415,12.01585713239732,0.9448524729586266
au,865,0.8597123010453666,12.0966771843679,0.9956147170697611
au,866,0.8590116409155457,12.43534665130209,0.9953613819257672
au,867,0.8581071499692874,10.97228286733221,0.9526914881304017
au,868,0.8570446724993052,13.00000576137488,1.1413086831251198
au,869,0.8555217470656501,14.45626161008915,1.0429916514095268
au,870,0.8528172763944728,14.513353499918829,1.2227930648358116
au,871,0.8483784986493493,14.452606453707892,1.1716699837276694
au,872,0.8424833978132288,14.487738523519912,1.1553160547946566
au,873,0.8351883398339545,15.837369935148548,1.1876338498129804
au,874,0.8287200530999372,18.590740621583834,1.1906776838258202
au,875,0.8212126884634862,18.98236388254398,1.195855624039042
au,876,0.8148066792256105,17.30290366878678,1.0456065760880286
au,877,0.80841589333662,15.985678310010483,0.7956333189443365
au,878,0.8031917188820862,19.82662634698947,0.9351898922507444
au,879,0.7995791872602923,19.712096811625422,1.1167494475646083
au,880,0.7956672755873015,19.71003720571137,1.1078572912930114
au,881,0.7930397991980885,20.515775918447716,1.1337854680631247
au,882,0.79247698808783,24.172658103194472,1.1399513075951517
au,883,0.7919073131033876,25.08807365901637,1.1805163344981566
au,884,0.7922955790090748,26.722993417265766,1.140988852172122
au,885,0.7932242314219571,27.26005583722663,1.1069298496272733
au,886,0.7943455297274795,26.991543690710948,1.1141920178892892
au,887,0.7975593461917229,31.931718321962386,1.281751983368629
au,888,0.7997411573703502,29.060901520958865,1.2640313088749655
au,889,0.8018453791523347,27.018947756289403,1.2628542317524103
au,890,0.8041997906520707,26.142677187779118,1.0006444063713211
au,891,0.8067838836115859,26.59778935988864,0.9935421645519757
au,892,0.8086804706024245,26.60258455814016,0.9862901755070848
au,893,0.8100134533738563,24.835880858633484,1.1052294025686775
au,894,0.8110354798704622,22.15423200506695,1.103713213326451
au,895,0.8114036788463022,21.382387276210515,1.1064423322728683
au,896,0.8121354682973462,22.952058901786717,1.3910750244504042
au,897,0.813048847792576,23.146929558438313,1.3970654167083991
au,898,0.8140168346678659,19.787268818995724,1.2194514793744833
au,899,0.8147016083166704,21.03458002577144,1.1411873630461487
sp,0,,,
sp,1,,,
sp,2,,,
sp,3,,,
sp,4,,,
sp,5,,,
sp,6,,,
sp,7,,,
sp,8,,,
sp,9,,,
sp,10,,,
sp,11,,,
sp,12,,,
sp,13,,,
sp,14,,,
sp,15,,,
sp,16,,,
sp,17,,,
sp,18,,,
sp,19,,,
sp,20,,18.638413193977687,
sp,21,,19.638216853106922,1.2942742197276833
sp,22,,21.06561851380371,1.292546959992617
sp,23,,19.319128721528255,1.2300969972565763
sp,24,,20.667791657114822,1.15800348736571
sp,25,,21.763336670487075,1.3381034312917823
sp,26,,22.178758994673696,1.4443326060059374
sp,27,,22.157360172526605,1.4633119591219474
sp,28,,22.61147218411569,1.4799652736289206
sp,29,,24.300636817322918,1.6334678001697351
sp,30,,24.249638841373827,1.669609762209301
sp,31,,25.382997185975633,1.7435812740650758
sp,32,,22.984886437079776,1.6045443976612892
sp,33,,23.558766562375382,1.6652865105652317
sp,34,,20.513077201729047,1.7967452513623794
sp,35,,20.700916024954466,1.6820100997576721
sp,36,,14.733170461469646,1.4702502684302476
sp,37,,15.414574480424276,1.3650995013418517
sp,38,,16.07136015050212,1.3640810632664762
sp,39,,18.456883556538056,1.351191804909192
sp,40,,18.47127142934546,1.4068223866261176
sp,41,,17.180009331994647,1.367225919157944
sp,42,,15.765746882610227,1.369202689449856
sp,43,,16.014795642554052,1.329117274671156
sp,44,,19.9080552670494,1.4250623540282243
sp,45,,19.171277621088503,1.3134425405468502
sp,46,,17.762679813035465,1.067627604345841
sp,47,,18.95051987783581,0.985929338445067
sp,48,,19.055213286999955,0.9697852339593649
sp,49,,18.01679428158757,0.8146053563190415
sp,50,,18.155873500426598,0.7755181036656975
sp,51,,16.722516112933917,0.6774556786589648
sp,52,,20.907453295617778,0.791332265355381
sp,53,,22.005504007803058,1.1905408289424433
sp,54,,22.855813004061595,1.043896261735002
sp,55,,24.00944564638918,1.0419194975715753
sp,56,,24.19135903540799,1.050645366232387
sp,57,,27.32341339725124,1.205276533600991
sp,58,,27.1608033553534,1.267816271583714
sp,59,,24.420006871098813,1.2729083559837597
sp,60,,24.374470196900553,1.201133627656517
sp,61,,24.353088482108852,1.2016428426557149
sp,62,,26.11455370369908,1.2557855658047141
sp,63,,26.506926774272685,1.2675667504752992
sp,64,,21.533478382985372,1.220652858935829
sp,65,,20.969734702605408,1.1762239804713743
sp,66,,21.71512286158202,1.2685058891156848
sp,67,,20.78845592462747,1.3005742027895064
sp,68,,21.034798819436965,1.3035195106399502
sp,69,,21.167395363265634,1.3034696087107727
sp,70,,24.027637742685215,1.3359075504752762
sp,71,,24.054235066581413,1.4609858338682244
sp,72,,19.831154562673028,1.3209315600631242
sp,73,,17.81814261624817,0.8757470645633827
sp,74,,16.578777972389,0.9090538147114622
sp,75,,15.710194527301416,0.9149443815287595
sp,76,,16.793313823063073,0.9114002817042072
sp,77,,17.23719526147996,1.0268043084022451
sp,78,,17.15853500553648,1.2640827331291637
sp,79,,17.398704671309062,1.2792380006841486
sp,80,,17.46587763140332,1.2804061311777482
sp,81,,20.17132675493236,1.419482680450057
sp,82,,18.67677166563589,1.397408226476084
sp,83,,19.725414231970614,1.4016214621190806
sp,84,,20.391391659036994,1.5347065215504931
sp,85,,20.49331779728491,1.5283270134042413
sp,86,,18.884132347663467,1.4575207286538994
sp,87,,19.231156107160952,1.4359656605807902
sp,88,,18.538605872981954,1.4344380128750656
sp,89,,19.176285495736728,1.4613947808367995
sp,90,,17.542551747124662,1.643511101228627
sp,91,,17.68477698149469,1.534726632903351
sp,92,,17.671402601750376,1.545489388506946
sp,93,,18.256916638690452,1.5572308162824169
sp,94,,18.39124182034165,1.5914651800211914
sp,95,,19.10550304465842,1.5987133738175476
sp,96,,18.079715675203055,1.6053127849330955
sp,97,,13.976241565804397,1.2470898078595705
sp,98,,14.200882162417344,0.9597015811687792
sp,99,,14.40982784965333,1.0147934909641634
sp,100,,14.997739502412962,1.0967412674965844
sp,101,,12.35224094800415,0.9695955648684943
sp,102,,12.000263949387474,0.9480405550961454
sp,103,,10.2950029940295,0.9351910460227204
sp,104,,10.217141361089732,0.7833261794939522
sp,105,,10.408641038000349,0.85587915610954
sp,106,,10.524504638332143,0.8360808914890261
sp,107,,9.953214819528595,0.8270953026576369
sp,108,,11.245111380880214,0.8591636072678598
sp,109,,9.761031134172407,0.9045407476721519
sp,110,,14.372053548468585,0.8733810376873227
sp,111,,14.74378564319301,0.9672802059647622
sp,112,,15.429497305320297,1.0816863524431795
sp,113,,17.363793641607895,1.2571534567435059
sp,114,,24.80724648144264,1.2173177201491892
sp,115,,24.299312153381905,1.7264994621802074
sp,116,,25.021706121469055,1.7199000504902484
sp,117,,25.07973681074781,1.7271482112638756
sp,118,,24.3123933364423,1.7159862238772468
sp,119,,24.3444785424015,1.6252320310330914
sp,120,,25.572059927141996,1.6967868580055596
sp,121,,26.6764981727919,1.9131591838223785
sp,122,,26.660824620894665,1.9488214893101183
sp,123,,26.62685114811488,1.944967754942705
sp,124,,26.372282487517705,1.8948580008614946
sp,125,,28.519104929593603,2.029641848007894
sp,126,,28.37477336925576,2.121992907895404
sp,127,,29.03431218049632,2.124828202996008
sp,128,,27.632479569708966,2.130429492718949
sp,129,,29.61540730504612,2.1401239059564316
sp,130,,23.419866377768056,1.9969643951385347
sp,131,,22.96909013508155,1.8735725765991629
sp,132,,22.29040849003543,1.7466764213797563
sp,133,,19.290273951369592,1.5315629492209422
sp,134,,11.790116285908654,1.5038576046928638
sp,135,,12.754866838888661,1.096302840128181
sp,136,,12.006570050969405,1.0998469586704245
sp,137,,11.987137690749647,1.0874170290605383
sp,138,,12.450853850058653,1.0913308542433822
sp,139,,14.755056188492068,1.1118379063085468
sp,140,,12.96783730453982,1.0127274994002264
sp,141,,11.90767634009554,0.7902049415924068
sp,142,,13.828212368451737,0.8452968678443877
sp,143,,14.26042516644363,0.8584356252790021
sp,144,,13.666082743924155,0.8627486676076166
sp,145,,11.165903839626004,0.6373907980190955
sp,146,,11.138827281192496,0.5433124768745989
sp,147,,10.44311453372969,0.5369727619731031
sp,148,,11.229750232595197,0.5303234540532825
sp,149,,9.577139506895936,0.4502719042092524
sp,150,,10.83394730481738,0.5145683224240744
sp,151,,11.173635815812077,0.6506995775935275
sp,152,,13.277372831258223,0.6776563787249867
sp,153,,14.810569685571828,0.6783652015922155
sp,154,,15.733290150856725,0.8138070720096139
sp,155,,14.945200381155407,0.8520256020174656
sp,156,,14.778766347686219,0.9164717585829494
sp,157,,14.56389646010436,0.9372884272694524
sp,158,,14.098002832960766,0.931397830272776
sp,159,,11.741611344807925,0.919926265587811
sp,160,,12.948995114531263,0.8726926102370514
sp,161,,12.834199874963907,0.9145051711379016
sp,162,,11.025145910570108,0.8147653035951228
sp,163,,11.570849774626158,0.823152073078123
sp,164,,15.440519495489852,0.8386973661845608
sp,165,,15.458719397119946,0.9519048606842563
sp,166,,15.957716538728691,0.9798098021217699
sp,167,,16.28734458697046,0.9833142103683487
sp,168,,15.503278290483003,0.9592029448011432
sp,169,,16.46327052994034,1.0053784671599404
sp,170,,15.351651387606779,1.0035320914895023
sp,171,,16.102032969573003,0.9377773527962611
sp,172,,15.55123695517625,1.1075046048221864
sp,173,,14.305101024852469,1.211886418610964
sp,174,,13.38221001618878,1.0759954123841644
sp,175,,14.490738305402354,0.9570561839467688
sp,176,,15.263991524498257,0.892061085818553
sp,177,,19.455332208253814,1.2524718313686698
sp,178,,20.070298338482804,1.5011812864137342
sp,179,,19.971600795603816,1.5616840509363301
sp,180,,19.475388485448402,1.6174938781269987
sp,181,,19.502202999666174,1.5908671103732324
sp,182,,19.534040257893977,1.6088881806415618
sp,183,,19.04776688634835,1.5932532512406807
sp,184,,18.4539513077143,1.7594852186508299
sp,185,,19.370279117729318,1.6757703994301518
sp,186,,19.13470275886794,1.6645687005233776
sp,187,,19.428999106228897,1.7333981445149316
sp,188,,19.55165241998844,1.7308520664751217
sp,189,,19.16209098228741,1.7473953969849647
sp,190,,19.018204592268535,1.6711079312437038
sp,191,,19.64678771699996,1.653346453751559
sp,192,,18.44886789288118,1.473365669219522
sp,193,,18.264555124117383,1.374165598433323
sp,194,,18.261994451184357,1.3807650332275672
sp,195,,16.639597828262715,1.3746249351820399
sp,196,,15.833773433871883,1.369243569062388
sp,197,,12.445866763699971,0.9967420423555913
sp,198,,11.924811952547838,0.760522573467309
sp,199,,11.833066491938716,0.6804710767982399
sp,200,,11.597385439833376,0.6196291898635506
sp,201,,11.570342473454815,0.6196291898635506
sp,202,,11.48036197240977,0.5986628361865727
sp,203,,14.666447691857568,0.7480020975106242
sp,204,,12.06350072884842,0.8687388648060169
sp,205,,13.10362723538011,1.019695438641617
sp,206,,12.966988771076656,1.0426385655625834
sp,207,,12.706526240508598,0.9722814760203312
sp,208,,13.408754688918322,0.9659916631993335
sp,209,,12.60598780498135,0.9282528077574305
sp,210,,12.582171434663662,0.9071866692246053
sp,211,,11.224805518366455,0.8635572089308264
sp,212,,10.904896579368073,0.8747588469152702
sp,213,,10.998513221153404,0.8688682794692102
sp,214,,11.962881819821895,0.8695169834922719
sp,215,,12.07338698450575,0.8421711602832765
sp,216,,12.32706555667977,0.8403940055097804
sp,217,,11.784862200484042,0.8326865420137873
sp,218,,11.929958184874236,0.853193650991269
sp,219,,11.673057619476861,0.8575566034569134
sp,220,,11.108619772977326,0.8544116924767854
sp,221,,11.117224621289497,0.8346134119741038
sp,222,,12.058580580476784,0.8888264410119998
sp,223,,10.013232937682865,0.7394871636044462
sp,224,,11.192504959652142,0.4254119166067228
sp,225,,9.61804185002517,0.2589099950791583
sp,226,,9.491483865717322,0.24163751564135422
sp,227,,9.156793108867511,0.24138800565977778
sp,228,,8.700068198684704,0.2472287010960134
sp,229,,8.634347631013528,0.2481768732929575
sp,230,,9.24998692738829,0.2597380499427365
sp,231,,9.045094042022967,0.3292763248410895
sp,232,,10.284434986738733,0.31807465985193745
sp,233,,10.078982566080766,0.3662269522204497
sp,234,,9.317159176644347,0.3594279331281631
sp,235,,9.170517451579089,0.35942792833460346
sp,236,,9.903946653404002,0.4724664093937342
sp,237,,10.332168366487839,0.47271592843890836
sp,238,,10.939305238770284,0.43971883330464473
sp,239,,10.994588048526829,0.45083089082512173
sp,240,,12.535701251903994,0.5240029946522047
sp,241,,16.96631957185975,0.94857062347691
sp,242,,16.171128112030942,0.9774736278388817
sp,243,,15.342547478874595,0.9840730775678056
sp,244,,14.281106749959322,0.9782324001065866
sp,245,,13.959359185361919,1.0089329910043687
sp,246,,14.467378427906407,0.9885358637407018
sp,247,,14.850958719477417,0.9903130183841837
sp,248,,14.656428046686118,1.0391945618557947
sp,249,,14.624709307851278,1.017629352054229
sp,250,,14.158905691424563,1.0008864019581214
sp,251,,14.211550567162117,0.9227118749560189
sp,252,,12.930335963910059,0.9184986203809538
sp,253,,12.931472224317215,0.8720735907369731
sp,254,,12.641322109979805,0.8674611358466748
sp,255,,12.956334923527024,0.8836052411124624
sp,256,,12.24401124885805,0.8335351828409784
sp,257,,14.254904379493352,0.8594633499730822
sp,258,,13.403013832338598,0.9627076129293122
sp,259,,14.937065192500715,1.0000278849503221
sp,260,,13.402013419249657,0.9742992506841008
sp,261,,9.07338971939741,0.5574390931179648
sp,262,,9.66200507564331,0.483198663977946
sp,263,,8.997421388457603,0.48741184925194125
sp,264,,8.17148627369689,0.489089206796944
sp,265,,8.113044166831752,0.44149598525522427
sp,266,,8.405585834967463,0.47916563203847545
sp,267,,8.328287106603405,0.5495421473776048
sp,268,,8.181088066353938,0.4982744253013585
sp,269,,8.556365003486238,0.49578842762147507
sp,270,,8.483834516423485,0.5009702016422148
sp,271,,10.619038711484718,0.6240126219197963
sp,272,,10.827277059522292,0.7667525730950193
sp,273,,10.833292428152626,0.7739111245576107
sp,274,,11.030460979996361,0.7888870797911289
sp,275,,11.411412153050394,0.7937093871192034
sp,276,,10.955258414950343,0.7771660479527657
sp,277,,11.729837965781861,0.8433394278654235
sp,278,,11.841254182501235,0.8324269121283314
sp,279,,10.34507708251359,0.7776548656220853
sp,280,,12.868910097121454,0.8824868368452676
sp,281,,13.089320211612465,1.0148335696276267
sp,282,,12.924023870148863,1.0686472664375857
sp,283,,12.768953131464372,1.0798489565025189
sp,284,,13.930217664267106,1.1121667716908943
sp,285,,14.221891134037131,1.1174982524636203
sp,286,,13.651242961249812,1.0795790956987927
sp,287,,13.687229689439022,1.0076749450970446
sp,288,,15.973089872853812,1.200854582538334
sp,289,,15.863245608862467,1.3522307838127388
sp,290,,18.525573308728394,1.5430242399190928
sp,291,,17.288040652899447,1.4335798844416088
sp,292,,17.09437893773974,1.3191441029213156
sp,293,,17.439838844922612,1.3317837865286013
sp,294,,17.612661409740973,1.3150805685705516
sp,295,,17.026627854740365,1.2970594756414962
sp,296,,22.8612218721132,1.363672739274322
sp,297,,19.452694402186424,1.4535480030935244
sp,298,,20.22250110651816,1.38274175220125
sp,299,,20.167495986680162,1.4051156146181925
sp,300,,18.106896473632847,1.292925507504362
sp,301,,20.06392724782587,1.3326524416423438
sp,302,,20.82372847314322,1.5358249587495318
sp,303,,20.94322956229255,1.5899483717173746
sp,304,,20.007937521416164,1.5838082027588558
sp,305,,19.757857577113235,1.5784767173769383
sp,306,,20.097618499046344,1.5830891801598475
sp,307,,19.725777541576612,1.5978156505410652
sp,308,,17.419057224857834,1.4011814961925153
sp,309,,17.450623759789867,1.2590903193067613
sp,310,,14.732325506272739,1.0659106860589767
sp,311,,13.538537331294542,1.048458886371408
sp,312,,13.674575996620453,1.0140044607654877
sp,313,,14.284795128572371,1.0648128688498677
sp,314,,19.671154952241615,1.450292029658033
sp,315,,19.401897091446543,1.7284847793639893
sp,316,,13.903889632115881,1.669838628077759
sp,317,,14.28583097692188,1.549133507212944
sp,318,,13.692512829099163,1.5837274564052342
sp,319,,13.778920969850045,1.5630808478557598
sp,320,,13.50749636296364,1.5223365952359762
sp,321,,11.262788175892554,1.3497140064768003
sp,322,,11.637326073173767,1.1571739483994055
sp,323,,12.153306408003155,1.0840314218717846
sp,324,,13.201674408045882,1.0599802480266236
sp,325,,17.227245510112457,1.0873260760291785
sp,326,,18.870713133094878,1.0934763683298074
sp,327,,18.963194066553225,1.1236778688493576
sp,328,,18.956482898408037,1.1241870787949686
sp,329,,19.422730961476905,1.1334221513280982
sp,330,,19.66518018901417,1.1334221508837012
sp,331,,19.840273988892104,1.133981263072871
sp,332,,19.83817774304209,1.1276914340918327
sp,333,,22.558133279653873,1.1292383997591182
sp,334,,17.853021095991746,0.765284735650894
sp,335,,17.677832997507114,0.5304923391189076
sp,336,,18.689416279825885,0.5291449369056553
sp,337,,18.532139599579363,0.4753311913573253
sp,338,,18.354473697547757,0.4211885176520036
sp,339,,18.38870411874617,0.42002038697403543
sp,340,,19.758310931900475,0.5250611197123829
sp,341,,19.785224117777688,0.5491723832206671
sp,342,,18.027071062382035,0.475850628283361
sp,343,,18.835161802607736,0.5151171278244996
sp,344,,18.01838065597512,0.6381596180541003
sp,345,,14.00105300763206,0.6510488736597778
sp,346,,12.167290492050702,0.6448985819548665
sp,347,,12.240412980522986,0.5985529560716746
sp,348,,14.0756896237037,0.6461461824069532
sp,349,,13.398195171241033,0.6706770945793982
sp,350,,14.414474838664505,0.7492010480563911
sp,351,,14.322588868473176,0.8427203781645892
sp,352,,15.35731154437804,0.865044305867468
sp,353,,11.734454881982876,0.8731917510430549
sp,354,,10.67137721284595,0.8555199897667234
sp,355,,10.673122233314949,0.8086651087651439
sp,356,,9.798669982264695,0.7762669240470766
sp,357,,10.167714609427275,0.8591640206748645
sp,358,,10.056660166701668,0.8795611411064846
sp,359,,9.898009326751222,0.8790020209064514
sp,360,,8.422185203274768,0.7802511163734036
sp,361,,8.392935107341113,0.7597440903815438
sp,362,,8.39498696244726,0.7592348773164738
sp,363,,8.14243090234412,0.7579872842378029
sp,364,,8.383926240138397,0.6349447823656286
sp,365,,8.383196739393346,0.6072893209520517
sp,366,,8.102623160905924,0.604454012216907
sp,367,,8.28536012850709,0.6317998352415343
sp,368,,7.3625643245999814,0.6759792463851872
sp,369,,8.733467573588111,0.7983617958762734
sp,370,,7.865869742348306,0.855969161644451
sp,371,,9.033816930338341,0.7785939609133684
sp,372,,8.35810952400141,0.8502984522957945
sp,373,,10.107970451314886,0.9212543279349785
sp,374,,10.255784679759586,0.9397744259725325
sp,375,,10.98664592994905,0.9612499887224133
sp,376,,13.022667786638982,0.9604016524803881
sp,377,,12.39256697030057,0.9621481607324455
sp,378,,12.395986814169948,0.9432786758991333
sp,379,,16.404308017359273,1.0962629409975067
sp,380,,16.69425553976316,1.3050366810333625
sp,381,,18.00731650749266,1.4194428049819057
sp,382,,18.25602804415864,1.4325316361194493
sp,383,,18.25178529310729,1.4023301531518266
sp,384,,18.82299861863549,1.3985263307790523
sp,385,,19.33572128138795,1.3873643688804376
sp,386,,19.36462901655318,1.4320122965367148
sp,387,,21.908189922345684,1.5856157388042504
sp,388,,21.014267742867613,1.5873623127509155
sp,389,,20.22950175087923,1.4404488812132903
sp,390,,19.81621942380201,1.327769944858859
sp,391,,18.579111407732036,1.3117755320274016
sp,392,,18.28742466456789,1.2194244639659455
sp,393,,19.350641682709607,1.1133450581005913
sp,394,,19.21431502904676,1.1960619329333013
sp,395,,18.48176696313808,1.1762637277284234
sp,396,,17.072822343325374,1.1943846113844088
sp,397,,17.055603080927693,1.1282112653137342
sp,398,,17.057826402558455,1.1247567578423108
sp,399,,13.25479271120596,0.9849112495123775
sp,400,,12.87023761109889,0.775688358732441
sp,401,,11.915130148023586,0.6582269198320396
sp,402,,11.708956643988678,0.6485926044477147
sp,403,,10.523572955651215,0.6324484999620127
sp,404,,9.52051326176645,0.6448886312378054
sp,405,,9.022422317550213,0.6448886396300448
sp,406,,8.939976508492801,0.596786204653663
sp,407,,6.182698611363602,0.43272962089621053
sp,408,,9.356087116286332,0.4033469733364985
sp,409,,9.91220415880186,0.3976763558279408
sp,410,,9.972151438773283,0.3976763215424407
sp,411,,9.952183083278936,0.39752660979034177
sp,412,,11.911025659567127,0.4696801741131095
sp,413,,9.048169036598168,0.4860238021597741
sp,414,,9.80003894373384,0.4139302283936255
sp,415,,10.02033877802116,0.4683225112287866
sp,416,,11.168446792629974,0.4694702176844012
sp,417,,11.167933429227826,0.5138990949030662
sp,418,,11.160984267490402,0.5145580232858277
sp,419,,10.963811063456877,0.5021280881227239
sp,420,,13.20986071482153,0.5609331806099652
sp,421,,15.550259876865177,0.5522072928744672
sp,422,,17.016728254695916,0.8492299773695511
sp,423,,18.199157613197997,0.8493796940995771
sp,424,,18.80250080074516,0.8388664350325893
sp,425,,18.77092610016856,0.8930090996742931
sp,426,,19.54660048448242,0.910411001241347
sp,427,,19.674127286697253,0.9018449969440491
sp,428,,17.456254654267838,0.9519149870506631
sp,429,,17.97719261545086,1.1044989563811487
sp,430,,18.426807612630842,1.2305263792583612
sp,431,,18.429546381275628,1.2523410931534762
sp,432,,16.257681402315622,1.1790193925460295
sp,433,,16.259867323582107,1.117498224380532
sp,434,,16.76108075919308,1.1326533413255502
sp,435,,16.70485191800054,1.1797779305662917
sp,436,,14.641385700710828,1.1668887547689162
sp,437,,15.461170724333302,1.0965316652266641
sp,438,,15.461131912497095,1.1288198954660509
sp,439,,15.475250897479178,1.1281609743436316
sp,440,,14.06042575036489,1.096462396857565
sp,441,,11.954409142178974,1.0958034724304393
sp,442,,10.497996481153628,0.8047110843447606
sp,443,,9.324844735610457,0.804002255664286
sp,444,,8.504593799742013,0.8027343120439179
sp,445,,8.453451374922873,0.7501192743813
sp,446,,7.68131354902499,0.7343947339791966
sp,447,,9.31589407822646,0.7802810317702826
sp,448,,8.750887962041505,0.7944575768557325
sp,449,,7.415788081772833,0.6799424579701895
sp,450,,7.004972404214974,0.5289350392264107
sp,451,,7.042048515023298,0.5066111103320978
sp,452,,7.822148122573612,0.5400970331467918
sp,453,,7.952093144764602,0.6016183025381572
sp,454,,7.07022896612276,0.5593566185114744
sp,455,,7.6175228982459915,0.45783974612118866
sp,456,,8.313901283766556,0.5466467202844054
sp,457,,7.917864872372644,0.6594356916763419
sp,458,,9.44219967389284,0.7431506187545105
sp,459,,9.628666969779944,0.8578664533621152
sp,460,,9.676616825692665,0.8373593655599904
sp,461,,9.106792590117553,0.8781036572553653
sp,462,,11.733328282058228,0.9333645656731866
sp,463,,12.19648985635177,1.1622267623793978
sp,464,,12.303107339222116,1.2023120904963944
sp,465,,13.553602556582359,1.3020518809415993
sp,466,,13.502090995274237,1.341118774824946
sp,467,,11.715161753978153,1.2952324566055373
sp,468,,11.40648072405872,1.1668493625255163
sp,469,,11.12687680284064,1.113804529842367
sp,470,,11.039677784085821,1.1181674893287938
sp,471,,12.129890195045153,1.181366101645741
sp,472,,11.446836053292058,1.1696949219206616
sp,473,,12.086588927770006,1.140491447233238
sp,474,,12.623941827949832,1.1351599980530849
sp,475,,12.650664110868302,1.1351599901935205
sp,476,,11.771693071245073,1.0580944438057747
sp,477,,15.534348113453188,1.0985584892874585
sp,478,,14.271285262454075,1.074178191986071
sp,479,,15.45536837465116,0.972551190558846
sp,480,,14.966198582087447,0.9767644244029495
sp,481,,15.662480365821638,1.0392144293018983
sp,482,,14.003806601696011,1.1034610183581222
sp,483,,15.146797990376001,0.8765755843477917
sp,484,,16.36702931680062,1.0816462658861825
sp,485,,15.148627110771665,1.0345215166352861
sp,486,,15.5510047079094,1.026724421412314
sp,487,,16.166241047264943,1.0917195195405296
sp,488,,17.931250363362775,1.1005951180967202
sp,489,,17.887235172245088,1.19119954517938
sp,490,,23.7053990018243,1.3378441559994465
sp,491,,22.948792790730785,1.3913075560539099
sp,492,,22.85199779654611,1.3820724545106486
sp,493,,22.13450211778582,1.351881149319361
sp,494,,22.195969012272695,1.3644607677605707
sp,495,,21.84465416456098,1.3686241113598245
sp,496,,22.09695763051598,1.3289777419794369
sp,497,,18.227458147031868,1.2206527037913464
sp,498,,17.970909195821157,1.1506948463295446
sp,499,,16.691579718520487,1.1395328832394946
sp,500,,16.30354270470158,1.1245568937917962
sp,501,,15.574090002363732,1.0230399461784854
sp,502,,14.55717068419421,0.8979514673272598
sp,503,,12.946614419148895,0.8966835273472876
sp,504,,11.628124411595023,0.6527954613122683
sp,505,,12.519643111859683,0.6141278119489924
sp,506,,12.646622853983898,0.5828580132886176
sp,507,,12.256009119455431,0.5089771411842141
sp,508,,10.679064524837989,0.5391887965815096
sp,509,,11.08060192446497,0.5115527841125505
sp,510,,6.064711910190674,0.35927726442679825
sp,511,,6.423375767858893,0.33489709729099454
sp,512,,7.474754227504379,0.32348559171493807
sp,513,,7.620300161150388,0.40330699838606227
sp,514,,6.954963463872792,0.4370730465599114
sp,515,,6.567217071645966,0.4443212079079497
sp,516,,7.02900889631175,0.47127801039824707
sp,517,,8.959605361751354,0.43026385045006804
sp,518,,9.285978350978949,0.5631198784673628
sp,519,,9.178696917754051,0.5736331158389162
sp,520,,9.77385944831417,0.5934313568938043
sp,521,,9.743779658105566,0.6048428612997322
sp,522,,9.805050244592168,0.6044935462675074
sp,523,,9.960218477113226,0.6043438402956065
sp,524,,9.883692570919695,0.6062208021021495
sp,525,,9.090825711307824,0.59227342182543
sp,526,,9.000529971908303,0.5964367426304394
sp,527,,8.889606925935801,0.6304818193901839
sp,528,,8.598439904801655,0.5943398803079447
sp,529,,8.649382790974963,0.5427829858871361
sp,530,,7.895701104674786,0.5455785829721201
sp,531,,7.337825193758898,0.45522359883890523
sp,532,,6.679513440463476,0.4554731178840794
sp,533,,7.821309011062571,0.384936735135902
sp,534,,7.8589037277441305,0.3469177447181413
sp,535,,7.883923843535971,0.3607357543895145
sp,536,,8.109732218433825,0.3462689845289184
sp,537,,6.419604590481137,0.4693206863546253
sp,538,,6.289457146378574,0.3773393417599648
sp,539,,7.906668539524872,0.4815612491397631
sp,540,,7.306086790776019,0.51480784894197
sp,541,,8.428929304434517,0.5240429524567521
sp,542,,8.473797259241097,0.5928724370127498
sp,543,,8.362526303165351,0.6097651189161966
sp,544,,8.6530719844867,0.6274369097431638
sp,545,,9.21002299961837,0.6256597349270464
sp,546,,9.674072882426614,0.7248597292318397
sp,547,,9.505097031921336,0.7377193939078598
sp,548,,9.859256457142665,0.7621198673635331
sp,549,,9.376059449796092,0.7524854813271059
sp,550,,9.470841630668094,0.7656843040025988
sp,551,,11.46494047421652,0.8033539905319621
sp,552,,12.290469198688635,0.8033539999312699
sp,553,,11.304657847362574,0.8953058155374279
sp,554,,11.511274367933707,0.9587539289575802
sp,555,,12.78928164375373,0.9406829356221047
sp,556,,13.777362073677892,1.1597998101943214
sp,557,,13.211127240044194,1.103191433296841
sp,558,,13.150275995324655,1.0524329051531442
sp,559,,11.612787254473693,0.9488597234918423
sp,560,,11.76969419217842,0.9107908720824462
sp,561,,14.661678302235437,1.0723705905604901
sp,562,,15.292468153514392,1.3005636761252943
sp,563,,15.762551557401723,1.2831118759559408
sp,564,,21.844458293333393,1.625699925817522
sp,565,,21.755733530891987,1.7387384178895866
sp,566,,21.237643248067688,1.7259795298624434
sp,567,,21.190989659453898,1.7014486204202972
sp,568,,21.211510983129823,1.6829784495185967
sp,569,,21.660969775458067,1.7615023714938438
sp,570,,21.506025904584703,1.754233845227756
sp,571,,20.517780712031698,1.7486324709964105
sp,572,,19.671531690321785,1.8614214239254414
sp,573,,20.28651188120321,1.7622214320365648
sp,574,,19.98154496979603,1.7637683956992825
sp,575,,19.159191422149675,1.758736343332161
sp,576,,17.221636950286005,1.536015212224047
sp,577,,17.374802585069595,1.4725670988038948
sp,578,,17.41087887605751,1.460077111288274
sp,579,,21.609628290527027,1.6785451886002623
sp,580,,21.72333547119887,1.7650860821114045
sp,581,,17.713679316131845,1.5870230996262866
sp,582,,18.700349456826437,1.3426155587010835
sp,583,,19.03201011009606,1.5392994381220335
sp,584,,12.764895428047334,1.2398814862640335
sp,585,,12.311147679143806,1.1466412459241009
sp,586,,11.934351678557707,1.0581632920062227
sp,587,,15.250417769772726,1.164731671075355
sp,588,,14.97957152319293,1.237325256190686
sp,589,,14.604794690169625,1.1553468409368397
sp,590,,14.824979560234159,1.1728688939127578
sp,591,,13.654423965245565,1.1451635346761018
sp,592,,15.417697539223731,1.1042787253110753
sp,593,,20.874081527729622,1.1324331443396638
sp,594,,20.83413752131896,1.3985658457389747
sp,595,,20.64823356781117,1.3952712352459191
sp,596,,22.577048248204967,1.5153276689521118
sp,597,,22.42145610551442,1.5787757803676963
sp,598,,24.39431132911944,1.6526566497791904
sp,599,0.568115596342338,20.172786090492075,1.5358155688451767
sp,600,0.5586274467527419,20.509619666242603,1.4604764053855377
sp,601,0.5492747124524036,20.544884196758222,1.4815425764049492
sp,602,0.5350691012955084,21.34708531328414,1.5523194258696813
sp,603,0.5225241029405938,20.501538747375772,1.4723475335573104
sp,604,0.5102699864201315,20.399473585356503,1.4083607337466337
sp,605,0.4975906852633301,20.337318973694362,1.3903396452763066
sp,606,0.4856793444467827,21.45395426318725,1.4603667829589424
sp,607,0.4738940538365461,18.194840773662268,1.352950069317523
sp,608,0.4616845772430366,19.1251447677172,1.3256938873478616
sp,609,0.4496650269035603,19.19872130424213,1.3350787203466912
sp,610,0.4378673240272257,19.255670255553863,1.3081219511604758
sp,611,0.42774282319633344,19.76150239149903,1.366477910883878
sp,612,0.4182587344876283,18.44517450761251,1.374625305630014
sp,613,0.4093308062382453,14.018458580611036,1.3494660792200417
sp,614,0.402186577532718,13.832650215747703,1.0833333231221358
sp,615,0.3967259438481064,13.727067775126628,1.0959129705021617
sp,616,0.3938773931634917,12.783906911473055,0.9801094964991822
sp,617,0.3932234931634733,15.710124644413789,1.153640426577727
sp,618,0.39486332602701835,14.06336911226831,1.113804559615656
sp,619,0.39867729964262794,14.337976640733475,1.0551583229609416
sp,620,0.4044517919286325,13.746017416854068,1.030757757790839
sp,621,0.4127906373915558,14.417019923874966,1.0507057312105155
sp,622,0.4230035051428898,12.813789276280291,0.9238094327492928
sp,623,0.434231226548302,13.08940358117774,0.8134371787442071
sp,624,0.4460304982522787,13.177699414924387,0.8147051188541935
sp,625,0.4587024696286429,15.539283522896223,0.8744492252981356
sp,626,0.4729128455034575,19.73246121315132,0.8220938199699793
sp,627,0.48660467758225545,20.034036190109845,0.9172801707093807
sp,628,0.499658748728761,19.824194988590683,0.8660124525666107
sp,629,0.5102960850098683,20.278207159714658,0.9506561597302975
sp,630,0.5192521001301234,20.346810154875648,1.0229901202151008
sp,631,0.5270190214128943,19.837267568972795,0.9621481913401816
sp,632,0.5336715271708183,19.66438525985549,0.9016453976944014
sp,633,0.5388401970602474,18.369493521665238,0.8927596230137892
sp,634,0.5423956745838666,18.924193739645393,0.819437919638657
sp,635,0.5442732769869099,20.12531889849551,0.8121897574348722
sp,636,0.5444109263772885,19.280908090246122,0.9041415970019193
sp,637,0.5428309203415865,16.775464939050707,0.658985591041284
sp,638,0.539894851963169,17.864016311126203,0.777924777929333
sp,639,0.5353455057510975,17.66152002604668,0.7497101907677275
sp,640,0.529510316562673,17.703328234040118,0.7525454989071547
sp,641,0.522216011859307,19.77187411531104,0.845276420941776
sp,642,0.5139476024284947,18.919668420353396,1.0005062797825612
sp,643,0.5042897921570366,20.467888130741684,1.1089322141239142
sp,644,0.4940188683382302,20.366406459286583,1.180836264392052
sp,645,0.4831829676464827,18.69749446741758,1.1505847707285652
sp,646,0.47189484618221483,13.521143573838597,1.1421980152310212
sp,647,0.4603152391564607,13.821851858148674,1.0421893835607932
sp,648,0.4497832324577198,14.038755368863452,1.167627105638118
sp,649,0.440182836034629,13.474672394804706,1.0950741312114638
sp,650,0.43089274027681246,13.567703920164753,1.0557373010234916
sp,651,0.42315327111361856,14.845578921966803,1.1459619346056948
sp,652,0.41807623345835293,17.72802995026429,1.141888209401524
sp,653,0.41435288184828584,17.043004517475516,1.2566539460683201
sp,654,0.4128074527830104,17.458057557588276,1.2901399094474586
sp,655,0.41262689235494965,16.199599836181477,1.305774837233814
sp,656,0.41394654231837696,17.814220990641154,1.2285892034746664
sp,657,0.4154041456707815,17.503875009475816,1.2675267429127086
sp,658,0.41765262945053155,17.662597439403108,1.155336710074408
sp,659,0.4194852694800044,17.581450645508138,1.167078211806668
sp,660,0.4192355074860767,18.029612531738966,1.1701732125197521
sp,661,0.4208562440847579,23.04252657257598,1.172319073131548
sp,662,0.41598822887302334,22.98325289195311,1.357102664059177
sp,663,0.4116177651379099,21.225554001916702,1.2461907320379406
sp,664,0.4095751786034591,21.299115586127982,1.1723099201514449
sp,665,0.408406837009356,20.732404271550227,1.1393628036164807
sp,666,0.4027893539096787,22.61121463111625,1.4298950219335846
sp,667,0.4210159120441716,23.416525764999367,2.1567962149317195
sp,668,0.4395575591908561,22.808599231332007,2.169635521764824
sp,669,0.45152229305275704,22.753455533767642,2.1569958278702974
sp,670,0.45805862416932946,22.560595473563588,2.125975460605036
sp,671,0.4655707726881848,21.30513777058684,2.0486002974820217
sp,672,0.4790871322066096,17.79943601013052,2.035002218656481
sp,673,0.49135875998920553,18.050660465566445,1.9471932500057725
sp,674,0.49410249173884874,17.21602668029302,1.9410531160593456
sp,675,0.49259241829157174,17.12036252637817,1.9230319995772462
sp,676,0.48661043567153156,16.75267158938805,1.9230319671867473
sp,677,0.47559965460413317,16.712885618658106,1.9466340647816394
sp,678,0.4676883180650719,17.43270622043558,2.010930551237855
sp,679,0.4603196251663725,17.69295536604419,2.0181888831401333
sp,680,0.4491491531205634,17.22481030103018,2.030279691658514
sp,681,0.43864256112884104,9.43379770307616,1.8884981661631406
sp,682,0.4215120679827293,9.461914080720705,1.548534618323904
sp,683,0.4129423616009767,12.257241733194615,1.6715771085535045
sp,684,0.4064719969147097,12.186929832820667,1.7454580318630835
sp,685,0.40468680085242775,12.388467692636288,1.7621113702917954
sp,686,0.40210154815425236,12.701222140392572,1.6423940201777831
sp,687,0.39964035385309693,11.319795464356947,0.95356170288474
sp,688,0.3986787085202564,10.88713302235204,0.8135075076465013
sp,689,0.3998604429130171,11.918388373819681,0.8442681417192883
sp,690,0.40238356033758704,11.765049204984736,0.859743178320934
sp,691,0.40604529117289884,12.07564835340735,0.8447672221229633
sp,692,0.40750778097082346,12.056554679447336,0.8472532319111228
sp,693,0.40907099485397336,11.89111040327681,0.8220237254664041
sp,694,0.4104755954404211,14.235567029495993,0.833765151996086
sp,695,0.4132901622134758,16.56887871666317,1.1943743183397662
sp,696,0.41696891012242737,15.17578298437386,1.2484976702935324
sp,697,0.4197574535482192,15.366934255562981,1.1977392367823942
sp,698,0.4211745807403811,12.927369812148022,1.096502342647317
sp,699,0.4222667779254214,16.82437338205459,1.164363337878349
sp,700,0.42381994649627897,16.84786383773634,1.2980676719904565
sp,701,0.42520104924302365,17.24071227090638,1.3310647333210093
sp,702,0.42668713968602473,18.126780734934112,1.336905427759743
sp,703,0.42784137402371114,16.077138576393278,1.2100092022152389
sp,704,0.4279902663384463,18.698470363311507,1.1576538022211262
sp,705,0.4264066378276533,20.77939127245437,1.1410004637924145
sp,706,0.4215640192936095,18.81656124588499,1.1122767432057594
sp,707,0.4131023845138993,19.19733124815528,1.0971510605436487
sp,708,0.3985805831645996,19.227955962500776,1.1085625427001797
sp,709,0.37773055961284163,18.255183389932238,1.0694752466560071
sp,710,0.3570884297317293,18.24892530550744,1.0583631464356453
sp,711,0.3414791625960205,17.929343925838737,1.0583631294590095
sp,712,0.3306305706413538,19.45450275968525,1.1340517173463418
sp,713,0.3220057164080707,19.502465485530145,1.160229363576198
sp,714,0.3150909584258263,17.35569983922487,1.1613771914064053
sp,715,0.31135823456359996,15.517140360929094,0.8792918786513658
sp,716,0.3104819283041425,16.330569086736798,0.7978227406726817
sp,717,0.309990491560001,17.76732934135092,0.7888371164782685
sp,718,0.3087094470777289,17.84701798954738,0.8190284072540494
sp,719,0.3095451633974544,14.677416544958032,0.7167526784394492
sp,720,0.3100093491455924,15.218365991093178,0.6666134563090241
sp,721,0.3105829043426718,14.84271639822359,0.6395069773048382
sp,722,0.31218000002575946,14.153717047356713,0.6503196504180212
sp,723,0.3144632164555231,13.393002128984344,0.6541733866643313
sp,724,0.31720790425638623,11.907456728533578,0.6887673550782848
sp,725,0.3203592579347104,10.293756116054766,0.8283531840629699
sp,726,0.3240471802125826,9.956731428309018,0.6954971850558065
sp,727,0.32810839303201433,9.61747657916581,0.659355195377567
sp,728,0.33226896331170597,9.601510581335859,0.652556192369662
sp,729,0.3361614540889767,10.882716045943463,0.7243309867806713
sp,730,0.33917692162335483,10.856608800632246,0.8120696678914355
sp,731,0.34129226766282766,12.855875935226416,0.86646187266193
sp,732,0.34130843515325865,11.765172836930535,0.9513753666894794
sp,733,0.34132359138349516,13.982035077898939,0.9449959552151174
sp,734,0.3414486451140086,13.72439008549269,0.9603212561463922
sp,735,0.34110806854342984,13.470047716189539,0.9061979344485435
sp,736,0.3406564513277375,12.65486838302168,0.9115294102433232
sp,737,0.3396902732727564,11.046377218876282,0.911878737274258
sp,738,0.338572291908065,10.936975192641805,0.8778336990913596
sp,739,0.3371512017357196,12.931162596135371,0.9685878895409044
sp,740,0.3354842724661293,12.464600328036907,0.9373781755274597
sp,741,0.33364498532804204,12.626369071812139,0.9320467163905926
sp,742,0.33203372724269564,12.702778287419264,0.9159025638378737
sp,743,0.3305978452899577,13.11773470879923,0.9767445029252295
sp,744,0.3294358879705959,19.51683731058281,1.0899123022696195
sp,745,0.32839234511501003,19.004508948851885,1.10326091455359
sp,746,0.3274822760593606,19.066325153457775,1.1138840766571012
sp,747,0.3270010979750386,19.582944237823718,1.1138840882114334
sp,748,0.3266358511528844,19.57079762288114,1.1415894299879044
sp,749,0.3286904810847926,21.150568564351403,1.1859674404729657
sp,750,0.3312575185824127,21.80322844246144,1.3043577199572478
sp,751,0.33833799564432226,20.743280644537425,1.2489470992298812
sp,752,0.34494467072973917,21.803848991199587,1.2659588683568481
sp,753,0.3535179828894161,19.64142510360688,1.3367650603696306
sp,754,0.35534732675219793,20.11009040546245,1.321439718781286
sp,755,0.3557701079187368,19.834853694121517,1.3331811866385364
sp,756,0.35649503780169833,19.92860858809858,1.3311443234892166
sp,757,0.3576987331482568,20.216102453820234,1.3292673604155778
sp,758,0.35833450524947447,22.79073225529498,1.3571722681624496
sp,759,0.3587998197013829,20.828694293934884,1.270631287315666
sp,760,0.3598466171453376,20.708753831001644,1.2515225038625557
sp,761,0.3604081501988664,21.121847850304324,1.2733372419742235
sp,762,0.36120480331269367,21.169610094132242,1.2786687064790794
sp,763,0.3604817056510258,23.588891452079984,1.2480180721173078
sp,764,0.3601075450390109,16.310812793709722,1.4187443510537727
sp,765,0.3582480521956533,17.417525770630096,1.3580917551668241
sp,766,0.35547280722308283,20.259963206288678,1.5738041882204017
sp,767,0.3554497527423408,23.330159576205926,1.5702997568108232
sp,768,0.3534073770662277,24.150159041417954,1.6182830023259664
sp,769,0.350462311982912,21.185198492340195,1.5182743279558326
sp,770,0.34648469872029203,21.347545790940096,1.3454520774270653
sp,771,0.3419519616633463,22.02714431372606,1.4865248489466911
sp,772,0.3374836358086637,20.733271257078794,1.3573434038225134
sp,773,0.33325982192554504,20.71932860883982,1.2657205438063457
sp,774,0.3288046003254462,20.36217902170835,1.2589713911323988
sp,775,0.3241282671707759,20.378228818605706,1.2252155496363482
sp,776,0.31975568836100665,20.283702408321727,1.242887339997612
sp,777,0.3148034915164728,24.2346324359168,1.3245856553794533
sp,778,0.31097652733536474,21.958184099865026,1.5783780359172448
sp,779,0.30776482988722736,21.42207879362528,1.635555743239432
sp,780,0.3055207102521972,22.811694869139803,1.5871233034084804
sp,781,0.30418498698697016,22.319371630377912,1.6195215357161008
sp,782,0.3037468654946551,21.951333729163473,1.6303341967592546
sp,783,0.3036700293435602,19.853939891286878,1.6137409568337677
sp,784,0.3044305491785952,19.78045971364866,1.3660591348396611
sp,785,0.30560725062614574,19.11631999369093,1.3077723878223133
sp,786,0.2997427469776535,18.862460260144204,1.0765147590803625
sp,787,0.29409129761084446,16.142773395158997,1.358212154198485
sp,788,0.2893521462065806,16.125005333898592,1.2761838332076596
sp,789,0.2893265971329323,19.058366266941057,1.30638533372721
sp,790,0.28979283142547974,18.233665959570725,1.3834507749003877
sp,791,0.2917058941592229,17.092928772690826,1.281315545993499
sp,792,0.293084246879812,17.700187222100215,1.230047827850729
sp,793,0.2950793739148992,20.289191603401047,1.250864494759647
sp,794,0.2973268587081538,21.297670892457017,1.2342712643795448
sp,795,0.3000967163401226,21.505023848094165,1.245832525115495
sp,796,0.30287118818444453,22.786108887178937,1.241010268903457
sp,797,0.30518805352767364,20.50456010184706,1.3724486539753056
sp,798,0.3070983905294546,22.043477971794672,1.0924786184049462
sp,799,0.3085917362983561,24.67771192542959,1.0224514150098876
sp,800,0.3098023056939744,24.65318253946994,1.316638591144468
sp,801,0.3106913616156697,25.674774424400894,1.2619164009324033
sp,802,0.3113079713282065,26.765218784962947,1.4145003681613542
sp,803,0.3117219944499836,25.970898267747742,1.4439533082950253
sp,804,0.31180336949589293,26.043828597982493,1.3610562939449726
sp,805,0.31174418971882184,26.108370754213357,1.4193431021064284
sp,806,0.31153431735064235,23.451715450866363,1.4500436566750357
sp,807,0.31112457635970936,26.189232009376628,1.3650303179646548
sp,808,0.3103508326650108,26.951643728147552,1.3744650356968513
sp,809,0.3091329591067611,26.509122513477454,1.3400503013331975
sp,810,0.30779899235643104,26.815272050756867,1.2512433920640478
sp,811,0.30618098279845857,28.937660720297036,1.2512433920640476
sp,812,0.30426897045279155,28.577602761216365,1.2701128035310427
sp,813,0.30233854425133927,26.874445950855122,1.3775295193613972
sp,814,0.300807229246058,25.92138060289334,1.3689635212513003
sp,815,0.2992912574353525,25.697067083881663,1.3574023064682135
sp,816,0.2979072783544371,24.932716175521904,1.3686040117252516
sp,817,0.29645560541156696,23.098083994203527,1.200395282508019
sp,818,0.29500149070097964,21.267516892882252,1.2081027460040124
sp,819,0.2935348038232154,18.160226477175627,1.2059762773905849
sp,820,0.2920651607128152,16.786633743780914,0.9093031362105652
sp,821,0.29072894026167584,17.922794419647218,0.9739489063060005
sp,822,0.2896704636251254,18.869850796052692,0.8052208133446719
sp,823,0.28867336899020973,19.487861146080153,0.9707847404551347
sp,824,0.2878187019393061,19.282727329494385,1.0095023436615345
sp,825,0.2867344385361734,21.371157291153715,1.0568062716897115
sp,826,0.2853258718741442,22.59507684904068,1.0149936063695582
sp,827,0.2836617108616562,19.142125104958115,0.8314483091622779
sp,828,0.2820951339021868,18.871849714300165,0.9056886779374117
sp,829,0.28006512667918154,17.938183907492487,1.1220609622592823
sp,830,0.2774851686341864,18.802830197117913,1.0941560208217687
sp,831,0.2748756450926825,16.384710581587083,1.1381847931343343
sp,832,0.27225605236538997,16.770424986630513,1.179059474682415
sp,833,0.2698705796726244,19.12183501418527,1.298826714948668
sp,834,0.2673284444518174,18.85360622409948,1.3931852015340993
sp,835,0.2648993316467916,22.936309297527426,1.5162368696656578
sp,836,0.2629182518490135,25.02381898391878,1.5008219036898216
sp,837,0.2609831142546473,24.926871879194586,1.500821947282004
sp,838,0.25918970425095006,26.192895722613496,1.525432307777097
sp,839,0.25763441594984204,26.65688901214689,1.5254323077770968
sp,840,0.2559646273234065,26.76602501675733,1.5274691709264168
sp,841,0.2549423854831987,25.086629144977774,1.469113214994735
sp,842,0.25544652916693,23.065703253644372,1.508200507729859
sp,843,0.25489089116036334,23.470722896783172,1.3297769161820974
sp,844,0.25605790505595566,23.416774066135048,1.3363967153956353
sp,845,0.2570114629684921,22.63900119213499,1.3000051151761072
sp,846,0.25820128599829534,23.758010215428623,1.5973362224616927
sp,847,0.25841262888202376,23.566599187730553,1.6565313155537182
sp,848,0.2582129599647697,22.355835564393896,1.5763606503691794
sp,849,0.25773007054577146,21.638189279302708,1.3606371157053878
sp,850,0.2572278738254233,20.874086471176195,1.366527712702064
sp,851,0.2568131913240763,20.726561244854224,1.2953425556100648
sp,852,0.2565493036763361,19.96334189724156,1.2445840744006496
sp,853,0.2564562750698011,16.605222337371472,0.9976018673519957
sp,854,0.25653533767446207,16.60229622723566,0.8944075067310935
sp,855,0.256844462274473,15.930390904769954,0.870555867690296
sp,856,0.2574300133032503,13.840612804994597,0.8977122292898055
sp,857,0.2582444911543862,17.93376967062737,0.8989597368199631
sp,858,0.25945469813575367,17.706782634456744,0.9045610710782154
sp,859,0.26111786009217686,17.89043591873115,0.9045610707638332
sp,860,0.2631900658930623,18.708179052044837,0.8993793015162239
sp,861,0.2654563042835309,18.13986107583159,0.9399443687823597
sp,862,0.2676704585151775,18.728501803861114,0.917749757950682
sp,863,0.26486299003667285,18.68148895696451,0.8844135113015696
sp,864,0.25688434870046006,20.083433830395375,0.9826256404225986
sp,865,0.24830038335956411,18.68148328846461,1.0633351709559709
sp,866,0.2400769771268732,20.722356467819054,0.8243599690095718
sp,867,0.23544315354017104,23.372579972419537,1.2743464671702869
sp,868,0.22525042557400496,24.395918212083323,1.5745130877756237
sp,869,0.22088062377117018,24.96775835304484,1.5620831468536487
sp,870,0.21668022837459772,25.287173964116406,1.556751661861775
sp,871,0.21407434593036337,26.303561927353176,1.6711579025452976
sp,872,0.211577490706285,27.484930842489014,1.8578969325187047
sp,873,0.20909195640595926,27.53372778217115,1.9285035405308413
sp,874,0.20618019438102864,31.566256856542346,2.0207853900738586
sp,875,0.20367351311353654,28.21266102271815,2.0996483279591045
sp,876,0.2033169747671735,27.704869693770217,2.0635063659195394
sp,877,0.20355240346460235,23.555038752762833,2.0153540703337183
sp,878,0.20481620165770217,22.51740015995892,1.9764164822916575
sp,879,0.20727436237900204,21.932773248066397,1.9752483516136894
sp,880,0.2099974848252512,23.731177099524714,2.037787938239374
sp,881,0.21260357359353974,23.753004962461034,2.08496147597045
sp,882,0.2147574392457301,23.147327150143877,2.069486440354565
sp,883,0.21603003730373305,23.201419718589975,2.1334733367827976
sp,884,0.2171993442935568,21.85356639318625,2.0201355197234356
sp,885,0.2173315232051694,21.138442131808617,1.8362317548555993
sp,886,0.21664648247911653,17.488303675180326,1.7882393764955853
sp,887,0.21489004980117501,15.215424600177204,1.2659689280259145
sp,888,0.2138565808342548,20.575974226386,1.0891940427303843
sp,889,0.21144061921321758,20.74392613752171,1.6149475969888538
sp,890,0.20821828670898146,24.41634080236298,1.642293392785277
sp,891,0.20372354498989376,25.721606473571846,1.5242829413300094
sp,892,0.2051038800509249,24.703442021539512,1.4919956906462413
sp,893,0.2068392070448101,24.570014891295045,1.426001553905322
sp,894,0.20394503143849116,25.041011368370178,1.5006116179724176
sp,895,0.20184324947347937,25.162105167487486,1.4003331235304084
sp,896,0.20170102004941798,32.307079516561195,1.5935126832988313
sp,897,0.20464646530330471,33.06448487987164,1.698603326308572
sp,898,0.20692218712777855,34.54363876639302,1.7013989227434847
sp,899,0.20552993980907228,39.13907399058803,1.7404862119851734
