segment,end_index,DeltaClkB_nsps,Baseline_nsps,LowerBound_nsps,UpperBound_nsps
au,0,,594.445,579.445,609.445
au,1,597.0,594.445,579.445,609.445
au,2,598.0,594.445,579.445,609.445
au,3,598.0,594.445,579.445,609.445
au,4,597.0,594.445,579.445,609.445
au,5,598.0,594.445,579.445,609.445
au,6,598.0,594.445,579.445,609.445
au,7,597.0,594.445,579.445,609.445
au,8,598.0,594.445,579.445,609.445
au,9,598.0,594.445,579.445,609.445
au,10,598.0,594.445,579.445,609.445
au,11,598.0,594.445,579.445,609.445
au,12,598.0,594.445,579.445,609.445
au,13,598.0,594.445,579.445,609.445
au,14,598.0,594.445,579.445,609.445
au,15,598.0,594.445,579.445,609.445
au,16,598.0,594.445,579.445,609.445
au,17,598.0,594.445,579.445,609.445
au,18,598.0,594.445,579.445,609.445
au,19,598.0,594.445,579.445,609.445
au,20,597.0,594.445,579.445,609.445
au,21,597.0,594.445,579.445,609.445
au,22,598.0,594.445,579.445,609.445
au,23,597.0,594.445,579.445,609.445
au,24,597.0,594.445,579.445,609.445
au,25,597.0,594.445,579.445,609.445
au,26,597.0,594.445,579.445,609.445
au,27,597.0,594.445,579.445,609.445
au,28,597.0,594.445,579.445,609.445
au,29,597.0,594.445,579.445,609.445
au,30,597.0,594.445,579.445,609.445
au,31,597.0,594.445,579.445,609.445
au,32,597.0,594.445,579.445,609.445
au,33,597.0,594.445,579.445,609.445
au,34,597.0,594.445,579.445,609.445
au,35,597.0,594.445,579.445,609.445
au,36,597.0,594.445,579.445,609.445
au,37,596.0,594.445,579.445,609.445
au,38,597.0,594.445,579.445,609.445
au,39,597.0,594.445,579.445,609.445
au,40,597.0,594.445,579.445,609.445
au,41,596.0,594.445,579.445,609.445
au,42,597.0,594.445,579.445,609.445
au,43,597.0,594.445,579.445,609.445
au,44,597.0,594.445,579.445,609.445
au,45,596.0,594.445,579.445,609.445
au,46,596.0,594.445,579.445,609.445
au,47,597.0,594.445,579.445,609.445
au,48,596.0,594.445,579.445,609.445
au,49,597.0,594.445,579.445,609.445
au,50,596.0,594.445,579.445,609.445
au,51,596.0,594.445,579.445,609.445
au,52,596.0,594.445,579.445,609.445
au,53,596.0,594.445,579.445,609.445
au,54,596.0,594.445,579.445,609.445
au,55,596.0,594.445,579.445,609.445
au,56,595.0,594.445,579.445,609.445
au,57,596.0,594.445,579.445,609.445
au,58,595.0,594.445,579.445,609.445
au,59,595.0,594.445,579.445,609.445
au,60,596.0,594.445,579.445,609.445
au,61,595.0,594.445,579.445,609.445
au,62,595.0,594.445,579.445,609.445
au,63,596.0,594.445,579.445,609.445
au,64,595.0,594.445,579.445,609.445
au,65,595.0,594.445,579.445,609.445
au,66,595.0,594.445,579.445,609.445
au,67,595.0,594.445,579.445,609.445
au,68,595.0,594.445,579.445,609.445
au,69,595.0,594.445,579.445,609.445
au,70,594.0,594.445,579.445,609.445
au,71,595.0,594.445,579.445,609.445
au,72,594.0,594.445,579.445,609.445
au,73,595.0,594.445,579.445,609.445
au,74,595.0,594.445,579.445,609.445
au,75,594.0,594.445,579.445,609.445
au,76,594.0,594.445,579.445,609.445
au,77,594.0,594.445,579.445,609.445
au,78,594.0,594.445,579.445,609.445
au,79,594.0,594.445,579.445,609.445
au,80,594.0,594.445,579.445,609.445
au,81,594.0,594.445,579.445,609.445
au,82,593.0,594.445,579.445,609.445
au,83,594.0,594.445,579.445,609.445
au,84,593.0,594.445,579.445,609.445
au,85,594.0,594.445,579.445,609.445
au,86,593.0,594.445,579.445,609.445
au,87,594.0,594.445,579.445,609.445
au,88,594.0,594.445,579.445,609.445
au,89,594.0,594.445,579.445,609.445
au,90,594.0,594.445,579.445,609.445
au,91,595.0,594.445,579.445,609.445
au,92,594.0,594.445,579.445,609.445
au,93,594.0,594.445,579.445,609.445
au,94,594.0,594.445,579.445,609.445
au,95,593.0,594.445,579.445,609.445
au,96,594.0,594.445,579.445,609.445
au,97,594.0,594.445,579.445,609.445
au,98,594.0,594.445,579.445,609.445
au,99,594.0,594.445,579.445,609.445
au,100,594.0,594.445,579.445,609.445
au,101,594.0,594.445,579.445,609.445
au,102,594.0,594.445,579.445,609.445
au,103,594.0,594.445,579.445,609.445
au,104,594.0,594.445,579.445,609.445
au,105,595.0,594.445,579.445,609.445
au,106,594.0,594.445,579.445,609.445
au,107,595.0,594.445,579.445,609.445
au,108,594.0,594.445,579.445,609.445
au,109,594.0,594.445,579.445,609.445
au,110,595.0,594.445,579.445,609.445
au,111,594.0,594.445,579.445,609.445
au,112,594.0,594.445,579.445,609.445
au,113,594.0,594.445,579.445,609.445
au,114,594.0,594.445,579.445,609.445
au,115,595.0,594.445,579.445,609.445
au,116,594.0,594.445,579.445,609.445
au,117,594.0,594.445,579.445,609.445
au,118,594.0,594.445,579.445,609.445
au,119,594.0,594.445,579.445,609.445
au,120,594.0,594.445,579.445,609.445
au,121,594.0,594.445,579.445,609.445
au,122,594.0,594.445,579.445,609.445
au,123,594.0,594.445,579.445,609.445
au,124,594.0,594.445,579.445,609.445
au,125,594.0,594.445,579.445,609.445
au,126,594.0,594.445,579.445,609.445
au,127,593.0,594.445,579.445,609.445
au,128,594.0,594.445,579.445,609.445
au,129,594.0,594.445,579.445,609.445
au,130,593.0,594.445,579.445,609.445
au,131,594.0,594.445,579.445,609.445
au,132,594.0,594.445,579.445,609.445
au,133,593.0,594.445,579.445,609.445
au,134,593.0,594.445,579.445,609.445
au,135,593.0,594.445,579.445,609.445
au,136,593.0,594.445,579.445,609.445
au,137,593.0,594.445,579.445,609.445
au,138,593.0,594.445,579.445,609.445
au,139,593.0,594.445,579.445,609.445
au,140,593.0,594.445,579.445,609.445
au,141,592.0,594.445,579.445,609.445
au,142,593.0,594.445,579.445,609.445
au,143,592.0,594.445,579.445,609.445
au,144,592.0,594.445,579.445,609.445
au,145,593.0,594.445,579.445,609.445
au,146,592.0,594.445,579.445,609.445
au,147,593.0,594.445,579.445,609.445
au,148,592.0,594.445,579.445,609.445
au,149,592.0,594.445,579.445,609.445
au,150,592.0,594.445,579.445,609.445
au,151,592.0,594.445,579.445,609.445
au,152,591.0,594.445,579.445,609.445
au,153,592.0,594.445,579.445,609.445
au,154,591.0,594.445,579.445,609.445
au,155,592.0,594.445,579.445,609.445
au,156,591.0,594.445,579.445,609.445
au,157,592.0,594.445,579.445,609.445
au,158,592.0,594.445,579.445,609.445
au,159,592.0,594.445,579.445,609.445
au,160,592.0,594.445,579.445,609.445
au,161,592.0,594.445,579.445,609.445
au,162,592.0,594.445,579.445,609.445
au,163,592.0,594.445,579.445,609.445
au,164,592.0,594.445,579.445,609.445
au,165,592.0,594.445,579.445,609.445
au,166,591.0,594.445,579.445,609.445
au,167,592.0,594.445,579.445,609.445
au,168,591.0,594.445,579.445,609.445
au,169,591.0,594.445,579.445,609.445
au,170,591.0,594.445,579.445,609.445
au,171,591.0,594.445,579.445,609.445
au,172,591.0,594.445,579.445,609.445
au,173,591.0,594.445,579.445,609.445
au,174,591.0,594.445,579.445,609.445
au,175,590.0,594.445,579.445,609.445
au,176,590.0,594.445,579.445,609.445
au,177,589.0,594.445,579.445,609.445
au,178,590.0,594.445,579.445,609.445
au,179,589.0,594.445,579.445,609.445
au,180,591.0,594.445,579.445,609.445
au,181,590.0,594.445,579.445,609.445
au,182,590.0,594.445,579.445,609.445
au,183,589.0,594.445,579.445,609.445
au,184,590.0,594.445,579.445,609.445
au,185,591.0,594.445,579.445,609.445
au,186,590.0,594.445,579.445,609.445
au,187,590.0,594.445,579.445,609.445
au,188,590.0,594.445,579.445,609.445
au,189,590.0,594.445,579.445,609.445
au,190,590.0,594.445,579.445,609.445
au,191,590.0,594.445,579.445,609.445
au,192,590.0,594.445,579.445,609.445
au,193,590.0,594.445,579.445,609.445
au,194,590.0,594.445,579.445,609.445
au,195,589.0,594.445,579.445,609.445
au,196,590.0,594.445,579.445,609.445
au,197,589.0,594.445,579.445,609.445
au,198,589.0,594.445,579.445,609.445
au,199,589.0,594.445,579.445,609.445
au,200,589.0,594.445,579.445,609.445
au,201,589.0,594.445,579.445,609.445
au,202,590.0,594.445,579.445,609.445
au,203,589.0,594.445,579.445,609.445
au,204,590.0,594.445,579.445,609.445
au,205,590.0,594.445,579.445,609.445
au,206,589.0,594.445,579.445,609.445
au,207,589.0,594.445,579.445,609.445
au,208,590.0,594.445,579.445,609.445
au,209,589.0,594.445,579.445,609.445
au,210,590.0,594.445,579.445,609.445
au,211,589.0,594.445,579.445,609.445
au,212,590.0,594.445,579.445,609.445
au,213,589.0,594.445,579.445,609.445
au,214,589.0,594.445,579.445,609.445
au,215,590.0,594.445,579.445,609.445
au,216,589.0,594.445,579.445,609.445
au,217,590.0,594.445,579.445,609.445
au,218,589.0,594.445,579.445,609.445
au,219,590.0,594.445,579.445,609.445
au,220,590.0,594.445,579.445,609.445
au,221,589.0,594.445,579.445,609.445
au,222,590.0,594.445,579.445,609.445
au,223,591.0,594.445,579.445,609.445
au,224,590.0,594.445,579.445,609.445
au,225,591.0,594.445,579.445,609.445
au,226,590.0,594.445,579.445,609.445
au,227,591.0,594.445,579.445,609.445
au,228,590.0,594.445,579.445,609.445
au,229,591.0,594.445,579.445,609.445
au,230,591.0,594.445,579.445,609.445
au,231,591.0,594.445,579.445,609.445
au,232,592.0,594.445,579.445,609.445
au,233,591.0,594.445,579.445,609.445
au,234,592.0,594.445,579.445,609.445
au,235,591.0,594.445,579.445,609.445
au,236,592.0,594.445,579.445,609.445
au,237,592.0,594.445,579.445,609.445
au,238,592.0,594.445,579.445,609.445
au,239,593.0,594.445,579.445,609.445
au,240,593.0,594.445,579.445,609.445
au,241,592.0,594.445,579.445,609.445
au,242,592.0,594.445,579.445,609.445
au,243,592.0,594.445,579.445,609.445
au,244,592.0,594.445,579.445,609.445
au,245,592.0,594.445,579.445,609.445
au,246,592.0,594.445,579.445,609.445
au,247,592.0,594.445,579.445,609.445
au,248,591.0,594.445,579.445,609.445
au,249,591.0,594.445,579.445,609.445
au,250,591.0,594.445,579.445,609.445
au,251,592.0,594.445,579.445,609.445
au,252,592.0,594.445,579.445,609.445
au,253,592.0,594.445,579.445,609.445
au,254,592.0,594.445,579.445,609.445
au,255,592.0,594.445,579.445,609.445
au,256,592.0,594.445,579.445,609.445
au,257,591.0,594.445,579.445,609.445
au,258,592.0,594.445,579.445,609.445
au,259,592.0,594.445,579.445,609.445
au,260,592.0,594.445,579.445,609.445
au,261,592.0,594.445,579.445,609.445
au,262,593.0,594.445,579.445,609.445
au,263,592.0,594.445,579.445,609.445
au,264,593.0,594.445,579.445,609.445
au,265,593.0,594.445,579.445,609.445
au,266,592.0,594.445,579.445,609.445
au,267,591.0,594.445,579.445,609.445
au,268,591.0,594.445,579.445,609.445
au,269,591.0,594.445,579.445,609.445
au,270,592.0,594.445,579.445,609.445
au,271,592.0,594.445,579.445,609.445
au,272,592.0,594.445,579.445,609.445
au,273,592.0,594.445,579.445,609.445
au,274,592.0,594.445,579.445,609.445
au,275,591.0,594.445,579.445,609.445
au,276,592.0,594.445,579.445,609.445
au,277,592.0,594.445,579.445,609.445
au,278,593.0,594.445,579.445,609.445
au,279,591.0,594.445,579.445,609.445
au,280,592.0,594.445,579.445,609.445
au,281,592.0,594.445,579.445,609.445
au,282,592.0,594.445,579.445,609.445
au,283,593.0,594.445,579.445,609.445
au,284,592.0,594.445,579.445,609.445
au,285,592.0,594.445,579.445,609.445
au,286,591.0,594.445,579.445,609.445
au,287,592.0,594.445,579.445,609.445
au,288,592.0,594.445,579.445,609.445
au,289,592.0,594.445,579.445,609.445
au,290,592.0,594.445,579.445,609.445
au,291,592.0,594.445,579.445,609.445
au,292,592.0,594.445,579.445,609.445
au,293,592.0,594.445,579.445,609.445
au,294,592.0,594.445,579.445,609.445
au,295,592.0,594.445,579.445,609.445
au,296,592.0,594.445,579.445,609.445
au,297,591.0,594.445,579.445,609.445
au,298,592.0,594.445,579.445,609.445
au,299,593.0,594.445,579.445,609.445
au,300,592.0,594.445,579.445,609.445
au,301,593.0,594.445,579.445,609.445
au,302,592.0,594.445,579.445,609.445
au,303,591.0,594.445,579.445,609.445
au,304,592.0,594.445,579.445,609.445
au,305,591.0,594.445,579.445,609.445
au,306,591.0,594.445,579.445,609.445
au,307,591.0,594.445,579.445,609.445
au,308,591.0,594.445,579.445,609.445
au,309,591.0,594.445,579.445,609.445
au,310,591.0,594.445,579.445,609.445
au,311,591.0,594.445,579.445,609.445
au,312,592.0,594.445,579.445,609.445
au,313,591.0,594.445,579.445,609.445
au,314,591.0,594.445,579.445,609.445
au,315,592.0,594.445,579.445,609.445
au,316,591.0,594.445,579.445,609.445
au,317,592.0,594.445,579.445,609.445
au,318,592.0,594.445,579.445,609.445
au,319,592.0,594.445,579.445,609.445
au,320,592.0,594.445,579.445,609.445
au,321,592.0,594.445,579.445,609.445
au,322,592.0,594.445,579.445,609.445
au,323,592.0,594.445,579.445,609.445
au,324,592.0,594.445,579.445,609.445
au,325,593.0,594.445,579.445,609.445
au,326,592.0,594.445,579.445,609.445
au,327,592.0,594.445,579.445,609.445
au,328,592.0,594.445,579.445,609.445
au,329,593.0,594.445,579.445,609.445
au,330,592.0,594.445,579.445,609.445
au,331,593.0,594.445,579.445,609.445
au,332,592.0,594.445,579.445,609.445
au,333,593.0,594.445,579.445,609.445
au,334,592.0,594.445,579.445,609.445
au,335,593.0,594.445,579.445,609.445
au,336,592.0,594.445,579.445,609.445
au,337,593.0,594.445,579.445,609.445
au,338,592.0,594.445,579.445,609.445
au,339,593.0,594.445,579.445,609.445
au,340,592.0,594.445,579.445,609.445
au,341,593.0,594.445,579.445,609.445
au,342,593.0,594.445,579.445,609.445
au,343,593.0,594.445,579.445,609.445
au,344,593.0,594.445,579.445,609.445
au,345,592.0,594.445,579.445,609.445
au,346,593.0,594.445,579.445,609.445
au,347,593.0,594.445,579.445,609.445
au,348,593.0,594.445,579.445,609.445
au,349,593.0,594.445,579.445,609.445
au,350,593.0,594.445,579.445,609.445
au,351,592.0,594.445,579.445,609.445
au,352,593.0,594.445,579.445,609.445
au,353,593.0,594.445,579.445,609.445
au,354,593.0,594.445,579.445,609.445
au,355,593.0,594.445,579.445,609.445
au,356,593.0,594.445,579.445,609.445
au,357,593.0,594.445,579.445,609.445
au,358,594.0,594.445,579.445,609.445
au,359,594.0,594.445,579.445,609.445
au,360,593.0,594.445,579.445,609.445
au,361,594.0,594.445,579.445,609.445
au,362,594.0,594.445,579.445,609.445
au,363,595.0,594.445,579.445,609.445
au,364,595.0,594.445,579.445,609.445
au,365,595.0,594.445,579.445,609.445
au,366,595.0,594.445,579.445,609.445
au,367,595.0,594.445,579.445,609.445
au,368,595.0,594.445,579.445,609.445
au,369,595.0,594.445,579.445,609.445
au,370,595.0,594.445,579.445,609.445
au,371,596.0,594.445,579.445,609.445
au,372,596.0,594.445,579.445,609.445
au,373,596.0,594.445,579.445,609.445
au,374,595.0,594.445,579.445,609.445
au,375,596.0,594.445,579.445,609.445
au,376,596.0,594.445,579.445,609.445
au,377,596.0,594.445,579.445,609.445
au,378,596.0,594.445,579.445,609.445
au,379,596.0,594.445,579.445,609.445
au,380,596.0,594.445,579.445,609.445
au,381,595.0,594.445,579.445,609.445
au,382,596.0,594.445,579.445,609.445
au,383,596.0,594.445,579.445,609.445
au,384,596.0,594.445,579.445,609.445
au,385,595.0,594.445,579.445,609.445
au,386,596.0,594.445,579.445,609.445
au,387,596.0,594.445,579.445,609.445
au,388,595.0,594.445,579.445,609.445
au,389,596.0,594.445,579.445,609.445
au,390,596.0,594.445,579.445,609.445
au,391,595.0,594.445,579.445,609.445
au,392,596.0,594.445,579.445,609.445
au,393,596.0,594.445,579.445,609.445
au,394,595.0,594.445,579.445,609.445
au,395,596.0,594.445,579.445,609.445
au,396,596.0,594.445,579.445,609.445
au,397,595.0,594.445,579.445,609.445
au,398,596.0,594.445,579.445,609.445
au,399,596.0,594.445,579.445,609.445
au,400,596.0,594.445,579.445,609.445
au,401,597.0,594.445,579.445,609.445
au,402,596.0,594.445,579.445,609.445
au,403,596.0,594.445,579.445,609.445
au,404,596.0,594.445,579.445,609.445
au,405,596.0,594.445,579.445,609.445
au,406,596.0,594.445,579.445,609.445
au,407,596.0,594.445,579.445,609.445
au,408,596.0,594.445,579.445,609.445
au,409,596.0,594.445,579.445,609.445
au,410,596.0,594.445,579.445,609.445
au,411,596.0,594.445,579.445,609.445
au,412,596.0,594.445,579.445,609.445
au,413,596.0,594.445,579.445,609.445
au,414,596.0,594.445,579.445,609.445
au,415,596.0,594.445,579.445,609.445
au,416,596.0,594.445,579.445,609.445
au,417,596.0,594.445,579.445,609.445
au,418,596.0,594.445,579.445,609.445
au,419,596.0,594.445,579.445,609.445
au,420,596.0,594.445,579.445,609.445
au,421,597.0,594.445,579.445,609.445
au,422,596.0,594.445,579.445,609.445
au,423,596.0,594.445,579.445,609.445
au,424,596.0,594.445,579.445,609.445
au,425,595.0,594.445,579.445,609.445
au,426,596.0,594.445,579.445,609.445
au,427,596.0,594.445,579.445,609.445
au,428,596.0,594.445,579.445,609.445
au,429,595.0,594.445,579.445,609.445
au,430,596.0,594.445,579.445,609.445
au,431,595.0,594.445,579.445,609.445
au,432,595.0,594.445,579.445,609.445
au,433,596.0,594.445,579.445,609.445
au,434,595.0,594.445,579.445,609.445
au,435,596.0,594.445,579.445,609.445
au,436,595.0,594.445,579.445,609.445
au,437,596.0,594.445,579.445,609.445
au,438,596.0,594.445,579.445,609.445
au,439,596.0,594.445,579.445,609.445
au,440,596.0,594.445,579.445,609.445
au,441,595.0,594.445,579.445,609.445
au,442,596.0,594.445,579.445,609.445
au,443,595.0,594.445,579.445,609.445
au,444,596.0,594.445,579.445,609.445
au,445,596.0,594.445,579.445,609.445
au,446,595.0,594.445,579.445,609.445
au,447,596.0,594.445,579.445,609.445
au,448,596.0,594.445,579.445,609.445
au,449,596.0,594.445,579.445,609.445
au,450,596.0,594.445,579.445,609.445
au,451,596.0,594.445,579.445,609.445
au,452,596.0,594.445,579.445,609.445
au,453,597.0,594.445,579.445,609.445
au,454,596.0,594.445,579.445,609.445
au,455,597.0,594.445,579.445,609.445
au,456,596.0,594.445,579.445,609.445
au,457,596.0,594.445,579.445,609.445
au,458,597.0,594.445,579.445,609.445
au,459,596.0,594.445,579.445,609.445
au,460,596.0,594.445,579.445,609.445
au,461,596.0,594.445,579.445,609.445
au,462,596.0,594.445,579.445,609.445
au,463,596.0,594.445,579.445,609.445
au,464,596.0,594.445,579.445,609.445
au,465,596.0,594.445,579.445,609.445
au,466,596.0,594.445,579.445,609.445
au,467,598.0,594.445,579.445,609.445
au,468,596.0,594.445,579.445,609.445
au,469,597.0,594.445,579.445,609.445
au,470,596.0,594.445,579.445,609.445
au,471,596.0,594.445,579.445,609.445
au,472,596.0,594.445,579.445,609.445
au,473,597.0,594.445,579.445,609.445
au,474,596.0,594.445,579.445,609.445
au,475,596.0,594.445,579.445,609.445
au,476,596.0,594.445,579.445,609.445
au,477,597.0,594.445,579.445,609.445
au,478,597.0,594.445,579.445,609.445
au,479,596.0,594.445,579.445,609.445
au,480,597.0,594.445,579.445,609.445
au,481,596.0,594.445,579.445,609.445
au,482,597.0,594.445,579.445,609.445
au,483,596.0,594.445,579.445,609.445
au,484,597.0,594.445,579.445,609.445
au,485,596.0,594.445,579.445,609.445
au,486,597.0,594.445,579.445,609.445
au,487,596.0,594.445,579.445,609.445
au,488,595.0,594.445,579.445,609.445
au,489,596.0,594.445,579.445,609.445
au,490,595.0,594.445,579.445,609.445
au,491,596.0,594.445,579.445,609.445
au,492,596.0,594.445,579.445,609.445
au,493,595.0,594.445,579.445,609.445
au,494,596.0,594.445,579.445,609.445
au,495,596.0,594.445,579.445,609.445
au,496,596.0,594.445,579.445,609.445
au,497,596.0,594.445,579.445,609.445
au,498,596.0,594.445,579.445,609.445
au,499,596.0,594.445,579.445,609.445
au,500,596.0,594.445,579.445,609.445
au,501,595.0,594.445,579.445,609.445
au,502,596.0,594.445,579.445,609.445
au,503,596.0,594.445,579.445,609.445
au,504,595.0,594.445,579.445,609.445
au,505,596.0,594.445,579.445,609.445
au,506,595.0,594.445,579.445,609.445
au,507,596.0,594.445,579.445,609.445
au,508,596.0,594.445,579.445,609.445
au,509,596.0,594.445,579.445,609.445
au,510,596.0,594.445,579.445,609.445
au,511,596.0,594.445,579.445,609.445
au,512,597.0,594.445,579.445,609.445
au,513,596.0,594.445,579.445,609.445
au,514,597.0,594.445,579.445,609.445
au,515,596.0,594.445,579.445,609.445
au,516,596.0,594.445,579.445,609.445
au,517,596.0,594.445,579.445,609.445
au,518,596.0,594.445,579.445,609.445
au,519,596.0,594.445,579.445,609.445
au,520,596.0,594.445,579.445,609.445
au,521,596.0,594.445,579.445,609.445
au,522,597.0,594.445,579.445,609.445
au,523,596.0,594.445,579.445,609.445
au,524,597.0,594.445,579.445,609.445
au,525,597.0,594.445,579.445,609.445
au,526,596.0,594.445,579.445,609.445
au,527,596.0,594.445,579.445,609.445
au,528,597.0,594.445,579.445,609.445
au,529,596.0,594.445,579.445,609.445
au,530,597.0,594.445,579.445,609.445
au,531,597.0,594.445,579.445,609.445
au,532,596.0,594.445,579.445,609.445
au,533,597.0,594.445,579.445,609.445
au,534,597.0,594.445,579.445,609.445
au,535,598.0,594.445,579.445,609.445
au,536,597.0,594.445,579.445,609.445
au,537,597.0,594.445,579.445,609.445
au,538,597.0,594.445,579.445,609.445
au,539,597.0,594.445,579.445,609.445
au,540,598.0,594.445,579.445,609.445
au,541,597.0,594.445,579.445,609.445
au,542,598.0,594.445,579.445,609.445
au,543,597.0,594.445,579.445,609.445
au,544,598.0,594.445,579.445,609.445
au,545,598.0,594.445,579.445,609.445
au,546,598.0,594.445,579.445,609.445
au,547,598.0,594.445,579.445,609.445
au,548,598.0,594.445,579.445,609.445
au,549,598.0,594.445,579.445,609.445
au,550,599.0,594.445,579.445,609.445
au,551,598.0,594.445,579.445,609.445
au,552,599.0,594.445,579.445,609.445
au,553,598.0,594.445,579.445,609.445
au,554,599.0,594.445,579.445,609.445
au,555,599.0,594.445,579.445,609.445
au,556,599.0,594.445,579.445,609.445
au,557,599.0,594.445,579.445,609.445
au,558,600.0,594.445,579.445,609.445
au,559,599.0,594.445,579.445,609.445
au,560,600.0,594.445,579.445,609.445
au,561,600.0,594.445,579.445,609.445
au,562,599.0,594.445,579.445,609.445
au,563,600.0,594.445,579.445,609.445
au,564,599.0,594.445,579.445,609.445
au,565,599.0,594.445,579.445,609.445
au,566,600.0,594.445,579.445,609.445
au,567,599.0,594.445,579.445,609.445
au,568,598.0,594.445,579.445,609.445
au,569,599.0,594.445,579.445,609.445
au,570,599.0,594.445,579.445,609.445
au,571,599.0,594.445,579.445,609.445
au,572,599.0,594.445,579.445,609.445
au,573,598.0,594.445,579.445,609.445
au,574,599.0,594.445,579.445,609.445
au,575,599.0,594.445,579.445,609.445
au,576,598.0,594.445,579.445,609.445
au,577,599.0,594.445,579.445,609.445
au,578,599.0,594.445,579.445,609.445
au,579,599.0,594.445,579.445,609.445
au,580,599.0,594.445,579.445,609.445
au,581,599.0,594.445,579.445,609.445
au,582,600.0,594.445,579.445,609.445
au,583,599.0,594.445,579.445,609.445
au,584,599.0,594.445,579.445,609.445
au,585,599.0,594.445,579.445,609.445
au,586,599.0,594.445,579.445,609.445
au,587,599.0,594.445,579.445,609.445
au,588,599.0,594.445,579.445,609.445
au,589,599.0,594.445,579.445,609.445
au,590,600.0,594.445,579.445,609.445
au,591,599.0,594.445,579.445,609.445
au,592,599.0,594.445,579.445,609.445
au,593,599.0,594.445,579.445,609.445
au,594,599.0,594.445,579.445,609.445
au,595,598.0,594.445,579.445,609.445
au,596,598.0,594.445,579.445,609.445
au,597,599.0,594.445,579.445,609.445
au,598,598.0,594.445,579.445,609.445
au,599,599.0,594.445,579.445,609.445
au,600,598.0,594.445,579.445,609.445
au,601,598.0,594.445,579.445,609.445
au,602,599.0,594.445,579.445,609.445
au,603,597.0,594.445,579.445,609.445
au,604,598.0,594.445,579.445,609.445
au,605,598.0,594.445,579.445,609.445
au,606,598.0,594.445,579.445,609.445
au,607,597.0,594.445,579.445,609.445
au,608,598.0,594.445,579.445,609.445
au,609,597.0,594.445,579.445,609.445
au,610,597.0,594.445,579.445,609.445
au,611,598.0,594.445,579.445,609.445
au,612,597.0,594.445,579.445,609.445
au,613,597.0,594.445,579.445,609.445
au,614,597.0,594.445,579.445,609.445
au,615,597.0,594.445,579.445,609.445
au,616,596.0,594.445,579.445,609.445
au,617,597.0,594.445,579.445,609.445
au,618,595.0,594.445,579.445,609.445
au,619,596.0,594.445,579.445,609.445
au,620,595.0,594.445,579.445,609.445
au,621,595.0,594.445,579.445,609.445
au,622,595.0,594.445,579.445,609.445
au,623,595.0,594.445,579.445,609.445
au,624,596.0,594.445,579.445,609.445
au,625,595.0,594.445,579.445,609.445
au,626,596.0,594.445,579.445,609.445
au,627,595.0,594.445,579.445,609.445
au,628,595.0,594.445,579.445,609.445
au,629,596.0,594.445,579.445,609.445
au,630,594.0,594.445,579.445,609.445
au,631,595.0,594.445,579.445,609.445
au,632,594.0,594.445,579.445,609.445
au,633,594.0,594.445,579.445,609.445
au,634,595.0,594.445,579.445,609.445
au,635,594.0,594.445,579.445,609.445
au,636,594.0,594.445,579.445,609.445
au,637,594.0,594.445,579.445,609.445
au,638,595.0,594.445,579.445,609.445
au,639,595.0,594.445,579.445,609.445
au,640,595.0,594.445,579.445,609.445
au,641,595.0,594.445,579.445,609.445
au,642,594.0,594.445,579.445,609.445
au,643,595.0,594.445,579.445,609.445
au,644,594.0,594.445,579.445,609.445
au,645,594.0,594.445,579.445,609.445
au,646,594.0,594.445,579.445,609.445
au,647,594.0,594.445,579.445,609.445
au,648,594.0,594.445,579.445,609.445
au,649,594.0,594.445,579.445,609.445
au,650,593.0,594.445,579.445,609.445
au,651,595.0,594.445,579.445,609.445
au,652,594.0,594.445,579.445,609.445
au,653,594.0,594.445,579.445,609.445
au,654,594.0,594.445,579.445,609.445
au,655,594.0,594.445,579.445,609.445
au,656,594.0,594.445,579.445,609.445
au,657,595.0,594.445,579.445,609.445
au,658,594.0,594.445,579.445,609.445
au,659,594.0,594.445,579.445,609.445
au,660,595.0,594.445,579.445,609.445
au,661,594.0,594.445,579.445,609.445
au,662,594.0,594.445,579.445,609.445
au,663,594.0,594.445,579.445,609.445
au,664,594.0,594.445,579.445,609.445
au,665,594.0,594.445,579.445,609.445
au,666,594.0,594.445,579.445,609.445
au,667,594.0,594.445,579.445,609.445
au,668,594.0,594.445,579.445,609.445
au,669,594.0,594.445,579.445,609.445
au,670,594.0,594.445,579.445,609.445
au,671,594.0,594.445,579.445,609.445
au,672,593.0,594.445,579.445,609.445
au,673,594.0,594.445,579.445,609.445
au,674,594.0,594.445,579.445,609.445
au,675,594.0,594.445,579.445,609.445
au,676,593.0,594.445,579.445,609.445
au,677,594.0,594.445,579.445,609.445
au,678,594.0,594.445,579.445,609.445
au,679,593.0,594.445,579.445,609.445
au,680,594.0,594.445,579.445,609.445
au,681,593.0,594.445,579.445,609.445
au,682,594.0,594.445,579.445,609.445
au,683,593.0,594.445,579.445,609.445
au,684,593.0,594.445,579.445,609.445
au,685,593.0,594.445,579.445,609.445
au,686,594.0,594.445,579.445,609.445
au,687,593.0,594.445,579.445,609.445
au,688,593.0,594.445,579.445,609.445
au,689,593.0,594.445,579.445,609.445
au,690,593.0,594.445,579.445,609.445
au,691,593.0,594.445,579.445,609.445
au,692,593.0,594.445,579.445,609.445
au,693,594.0,594.445,579.445,609.445
au,694,593.0,594.445,579.445,609.445
au,695,594.0,594.445,579.445,609.445
au,696,594.0,594.445,579.445,609.445
au,697,593.0,594.445,579.445,609.445
au,698,594.0,594.445,579.445,609.445
au,699,593.0,594.445,579.445,609.445
au,700,594.0,594.445,579.445,609.445
au,701,593.0,594.445,579.445,609.445
au,702,593.0,594.445,579.445,609.445
au,703,594.0,594.445,579.445,609.445
au,704,592.0,594.445,579.445,609.445
au,705,593.0,594.445,579.445,609.445
au,706,593.0,594.445,579.445,609.445
au,707,592.0,594.445,579.445,609.445
au,708,592.0,594.445,579.445,609.445
au,709,593.0,594.445,579.445,609.445
au,710,592.0,594.445,579.445,609.445
au,711,591.0,594.445,579.445,609.445
au,712,592.0,594.445,579.445,609.445
au,713,591.0,594.445,579.445,609.445
au,714,592.0,594.445,579.445,609.445
au,715,591.0,594.445,579.445,609.445
au,716,591.0,594.445,579.445,609.445
au,717,592.0,594.445,579.445,609.445
au,718,591.0,594.445,579.445,609.445
au,719,590.0,594.445,579.445,609.445
au,720,591.0,594.445,579.445,609.445
au,721,591.0,594.445,579.445,609.445
au,722,591.0,594.445,579.445,609.445
au,723,591.0,594.445,579.445,609.445
au,724,590.0,594.445,579.445,609.445
au,725,591.0,594.445,579.445,609.445
au,726,590.0,594.445,579.445,609.445
au,727,591.0,594.445,579.445,609.445
au,728,590.0,594.445,579.445,609.445
au,729,590.0,594.445,579.445,609.445
au,730,590.0,594.445,579.445,609.445
au,731,590.0,594.445,579.445,609.445
au,732,590.0,594.445,579.445,609.445
au,733,590.0,594.445,579.445,609.445
au,734,590.0,594.445,579.445,609.445
au,735,590.0,594.445,579.445,609.445
au,736,591.0,594.445,579.445,609.445
au,737,590.0,594.445,579.445,609.445
au,738,590.0,594.445,579.445,609.445
au,739,590.0,594.445,579.445,609.445
au,740,590.0,594.445,579.445,609.445
au,741,589.0,594.445,579.445,609.445
au,742,590.0,594.445,579.445,609.445
au,743,590.0,594.445,579.445,609.445
au,744,589.0,594.445,579.445,609.445
au,745,590.0,594.445,579.445,609.445
au,746,589.0,594.445,579.445,609.445
au,747,589.0,594.445,579.445,609.445
au,748,590.0,594.445,579.445,609.445
au,749,589.0,594.445,579.445,609.445
au,750,589.0,594.445,579.445,609.445
au,751,589.0,594.445,579.445,609.445
au,752,589.0,594.445,579.445,609.445
au,753,589.0,594.445,579.445,609.445
au,754,588.0,594.445,579.445,609.445
au,755,589.0,594.445,579.445,609.445
au,756,588.0,594.445,579.445,609.445
au,757,589.0,594.445,579.445,609.445
au,758,589.0,594.445,579.445,609.445
au,759,588.0,594.445,579.445,609.445
au,760,589.0,594.445,579.445,609.445
au,761,588.0,594.445,579.445,609.445
au,762,588.0,594.445,579.445,609.445
au,763,589.0,594.445,579.445,609.445
au,764,588.0,594.445,579.445,609.445
au,765,588.0,594.445,579.445,609.445
au,766,589.0,594.445,579.445,609.445
au,767,588.0,594.445,579.445,609.445
au,768,588.0,594.445,579.445,609.445
au,769,588.0,594.445,579.445,609.445
au,770,588.0,594.445,579.445,609.445
au,771,588.0,594.445,579.445,609.445
au,772,587.0,594.445,579.445,609.445
au,773,588.0,594.445,579.445,609.445
au,774,588.0,594.445,579.445,609.445
au,775,588.0,594.445,579.445,609.445
au,776,587.0,594.445,579.445,609.445
au,777,588.0,594.445,579.445,609.445
au,778,587.0,594.445,579.445,609.445
au,779,588.0,594.445,579.445,609.445
au,780,587.0,594.445,579.445,609.445
au,781,587.0,594.445,579.445,609.445
au,782,587.0,594.445,579.445,609.445
au,783,587.0,594.445,579.445,609.445
au,784,587.0,594.445,579.445,609.445
au,785,586.0,594.445,579.445,609.445
au,786,587.0,594.445,579.445,609.445
au,787,587.0,594.445,579.445,609.445
au,788,586.0,594.445,579.445,609.445
au,789,587.0,594.445,579.445,609.445
au,790,587.0,594.445,579.445,609.445
au,791,586.0,594.445,579.445,609.445
au,792,587.0,594.445,579.445,609.445
au,793,586.0,594.445,579.445,609.445
au,794,587.0,594.445,579.445,609.445
au,795,586.0,594.445,579.445,609.445
au,796,586.0,594.445,579.445,609.445
au,797,586.0,594.445,579.445,609.445
au,798,587.0,594.445,579.445,609.445
au,799,586.0,594.445,579.445,609.445
au,800,586.0,594.445,579.445,609.445
au,801,586.0,594.445,579.445,609.445
au,802,586.0,594.445,579.445,609.445
au,803,586.0,594.445,579.445,609.445
au,804,587.0,594.445,579.445,609.445
au,805,586.0,594.445,579.445,609.445
au,806,586.0,594.445,579.445,609.445
au,807,585.0,594.445,579.445,609.445
au,808,586.0,594.445,579.445,609.445
au,809,586.0,594.445,579.445,609.445
au,810,585.0,594.445,579.445,609.445
au,811,586.0,594.445,579.445,609.445
au,812,585.0,594.445,579.445,609.445
au,813,585.0,594.445,579.445,609.445
au,814,586.0,594.445,579.445,609.445
au,815,585.0,594.445,579.445,609.445
au,816,585.0,594.445,579.445,609.445
au,817,585.0,594.445,579.445,609.445
au,818,586.0,594.445,579.445,609.445
au,819,585.0,594.445,579.445,609.445
au,820,586.0,594.445,579.445,609.445
au,821,585.0,594.445,579.445,609.445
au,822,585.0,594.445,579.445,609.445
au,823,585.0,594.445,579.445,609.445
au,824,586.0,594.445,579.445,609.445
au,825,585.0,594.445,579.445,609.445
au,826,585.0,594.445,579.445,609.445
au,827,585.0,594.445,579.445,609.445
au,828,585.0,594.445,579.445,609.445
au,829,585.0,594.445,579.445,609.445
au,830,585.0,594.445,579.445,609.445
au,831,585.0,594.445,579.445,609.445
au,832,585.0,594.445,579.445,609.445
au,833,585.0,594.445,579.445,609.445
au,834,585.0,594.445,579.445,609.445
au,835,585.0,594.445,579.445,609.445
au,836,585.0,594.445,579.445,609.445
au,837,585.0,594.445,579.445,609.445
au,838,585.0,594.445,579.445,609.445
au,839,584.0,594.445,579.445,609.445
au,840,585.0,594.445,579.445,609.445
au,841,584.0,594.445,579.445,609.445
au,842,585.0,594.445,579.445,609.445
au,843,584.0,594.445,579.445,609.445
au,844,584.0,594.445,579.445,609.445
au,845,585.0,594.445,579.445,609.445
au,846,584.0,594.445,579.445,609.445
au,847,584.0,594.445,579.445,609.445
au,848,584.0,594.445,579.445,609.445
au,849,585.0,594.445,579.445,609.445
au,850,584.0,594.445,579.445,609.445
au,851,584.0,594.445,579.445,609.445
au,852,584.0,594.445,579.445,609.445
au,853,583.0,594.445,579.445,609.445
au,854,584.0,594.445,579.445,609.445
au,855,583.0,594.445,579.445,609.445
au,856,584.0,594.445,579.445,609.445
au,857,584.0,594.445,579.445,609.445
au,858,583.0,594.445,579.445,609.445
au,859,584.0,594.445,579.445,609.445
au,860,583.0,594.445,579.445,609.445
au,861,583.0,594.445,579.445,609.445
au,862,583.0,594.445,579.445,609.445
au,863,583.0,594.445,579.445,609.445
au,864,583.0,594.445,579.445,609.445
au,865,583.0,594.445,579.445,609.445
au,866,583.0,594.445,579.445,609.445
au,867,583.0,594.445,579.445,609.445
au,868,583.0,594.445,579.445,609.445
au,869,583.0,594.445,579.445,609.445
au,870,582.0,594.445,579.445,609.445
au,871,583.0,594.445,579.445,609.445
au,872,582.0,594.445,579.445,609.445
au,873,582.0,594.445,579.445,609.445
au,874,582.0,594.445,579.445,609.445
au,875,583.0,594.445,579.445,609.445
au,876,582.0,594.445,579.445,609.445
au,877,582.0,594.445,579.445,609.445
au,878,583.0,594.445,579.445,609.445
au,879,582.0,594.445,579.445,609.445
au,880,583.0,594.445,579.445,609.445
au,881,582.0,594.445,579.445,609.445
au,882,582.0,594.445,579.445,609.445
au,883,583.0,594.445,579.445,609.445
au,884,582.0,594.445,579.445,609.445
au,885,583.0,594.445,579.445,609.445
au,886,582.0,594.445,579.445,609.445
au,887,582.0,594.445,579.445,609.445
au,888,583.0,594.445,579.445,609.445
au,889,582.0,594.445,579.445,609.445
au,890,583.0,594.445,579.445,609.445
au,891,583.0,594.445,579.445,609.445
au,892,582.0,594.445,579.445,609.445
au,893,583.0,594.445,579.445,609.445
au,894,582.0,594.445,579.445,609.445
au,895,581.0,594.445,579.445,609.445
au,896,582.0,594.445,579.445,609.445
au,897,583.0,594.445,579.445,609.445
au,898,583.0,594.445,579.445,609.445
au,899,583.0,594.445,579.445,609.445
sp,0,,594.445,579.445,609.445
sp,1,596.0,594.445,579.445,609.445
sp,2,596.0,594.445,579.445,609.445
sp,3,597.0,594.445,579.445,609.445
sp,4,596.0,594.445,579.445,609.445
sp,5,597.0,594.445,579.445,609.445
sp,6,596.0,594.445,579.445,609.445
sp,7,597.0,594.445,579.445,609.445
sp,8,597.0,594.445,579.445,609.445
sp,9,596.0,594.445,579.445,609.445
sp,10,597.0,594.445,579.445,609.445
sp,11,597.0,594.445,579.445,609.445
sp,12,597.0,594.445,579.445,609.445
sp,13,596.0,594.445,579.445,609.445
sp,14,597.0,594.445,579.445,609.445
sp,15,597.0,594.445,579.445,609.445
sp,16,597.0,594.445,579.445,609.445
sp,17,597.0,594.445,579.445,609.445
sp,18,597.0,594.445,579.445,609.445
sp,19,597.0,594.445,579.445,609.445
sp,20,597.0,594.445,579.445,609.445
sp,21,597.0,594.445,579.445,609.445
sp,22,598.0,594.445,579.445,609.445
sp,23,597.0,594.445,579.445,609.445
sp,24,597.0,594.445,579.445,609.445
sp,25,597.0,594.445,579.445,609.445
sp,26,598.0,594.445,579.445,609.445
sp,27,597.0,594.445,579.445,609.445
sp,28,597.0,594.445,579.445,609.445
sp,29,598.0,594.445,579.445,609.445
sp,30,597.0,594.445,579.445,609.445
sp,31,597.0,594.445,579.445,609.445
sp,32,597.0,594.445,579.445,609.445
sp,33,598.0,594.445,579.445,609.445
sp,34,597.0,594.445,579.445,609.445
sp,35,597.0,594.445,579.445,609.445
sp,36,597.0,594.445,579.445,609.445
sp,37,597.0,594.445,579.445,609.445
sp,38,598.0,594.445,579.445,609.445
sp,39,597.0,594.445,579.445,609.445
sp,40,598.0,594.445,579.445,609.445
sp,41,598.0,594.445,579.445,609.445
sp,42,598.0,594.445,579.445,609.445
sp,43,598.0,594.445,579.445,609.445
sp,44,598.0,594.445,579.445,609.445
sp,45,598.0,594.445,579.445,609.445
sp,46,598.0,594.445,579.445,609.445
sp,47,598.0,594.445,579.445,609.445
sp,48,598.0,594.445,579.445,609.445
sp,49,599.0,594.445,579.445,609.445
sp,50,598.0,594.445,579.445,609.445
sp,51,599.0,594.445,579.445,609.445
sp,52,598.0,594.445,579.445,609.445
sp,53,599.0,594.445,579.445,609.445
sp,54,598.0,594.445,579.445,609.445
sp,55,598.0,594.445,579.445,609.445
sp,56,599.0,594.445,579.445,609.445
sp,57,599.0,594.445,579.445,609.445
sp,58,598.0,594.445,579.445,609.445
sp,59,599.0,594.445,579.445,609.445
sp,60,598.0,594.445,579.445,609.445
sp,61,599.0,594.445,579.445,609.445
sp,62,598.0,594.445,579.445,609.445
sp,63,599.0,594.445,579.445,609.445
sp,64,598.0,594.445,579.445,609.445
sp,65,598.0,594.445,579.445,609.445
sp,66,599.0,594.445,579.445,609.445
sp,67,598.0,594.445,579.445,609.445
sp,68,599.0,594.445,579.445,609.445
sp,69,598.0,594.445,579.445,609.445
sp,70,599.0,594.445,579.445,609.445
sp,71,599.0,594.445,579.445,609.445
sp,72,599.0,594.445,579.445,609.445
sp,73,598.0,594.445,579.445,609.445
sp,74,599.0,594.445,579.445,609.445
sp,75,599.0,594.445,579.445,609.445
sp,76,599.0,594.445,579.445,609.445
sp,77,599.0,594.445,579.445,609.445
sp,78,599.0,594.445,579.445,609.445
sp,79,599.0,594.445,579.445,609.445
sp,80,599.0,594.445,579.445,609.445
sp,81,599.0,594.445,579.445,609.445
sp,82,599.0,594.445,579.445,609.445
sp,83,599.0,594.445,579.445,609.445
sp,84,599.0,594.445,579.445,609.445
sp,85,599.0,594.445,579.445,609.445
sp,86,599.0,594.445,579.445,609.445
sp,87,599.0,594.445,579.445,609.445
sp,88,599.0,594.445,579.445,609.445
sp,89,599.0,594.445,579.445,609.445
sp,90,598.0,594.445,579.445,609.445
sp,91,599.0,594.445,579.445,609.445
sp,92,599.0,594.445,579.445,609.445
sp,93,599.0,594.445,579.445,609.445
sp,94,598.0,594.445,579.445,609.445
sp,95,599.0,594.445,579.445,609.445
sp,96,599.0,594.445,579.445,609.445
sp,97,599.0,594.445,579.445,609.445
sp,98,598.0,594.445,579.445,609.445
sp,99,599.0,594.445,579.445,609.445
sp,100,599.0,594.445,579.445,609.445
sp,101,599.0,594.445,579.445,609.445
sp,102,598.0,594.445,579.445,609.445
sp,103,599.0,594.445,579.445,609.445
sp,104,598.0,594.445,579.445,609.445
sp,105,599.0,594.445,579.445,609.445
sp,106,599.0,594.445,579.445,609.445
sp,107,598.0,594.445,579.445,609.445
sp,108,599.0,594.445,579.445,609.445
sp,109,598.0,594.445,579.445,609.445
sp,110,599.0,594.445,579.445,609.445
sp,111,598.0,594.445,579.445,609.445
sp,112,598.0,594.445,579.445,609.445
sp,113,599.0,594.445,579.445,609.445
sp,114,598.0,594.445,579.445,609.445
sp,115,598.0,594.445,579.445,609.445
sp,116,598.0,594.445,579.445,609.445
sp,117,598.0,594.445,579.445,609.445
sp,118,598.0,594.445,579.445,609.445
sp,119,598.0,594.445,579.445,609.445
sp,120,598.0,594.445,579.445,609.445
sp,121,598.0,594.445,579.445,609.445
sp,122,598.0,594.445,579.445,609.445
sp,123,598.0,594.445,579.445,609.445
sp,124,598.0,594.445,579.445,609.445
sp,125,598.0,594.445,579.445,609.445
sp,126,598.0,594.445,579.445,609.445
sp,127,598.0,594.445,579.445,609.445
sp,128,598.0,594.445,579.445,609.445
sp,129,597.0,594.445,579.445,609.445
sp,130,598.0,594.445,579.445,609.445
sp,131,597.0,594.445,579.445,609.445
sp,132,598.0,594.445,579.445,609.445
sp,133,597.0,594.445,579.445,609.445
sp,134,597.0,594.445,579.445,609.445
sp,135,598.0,594.445,579.445,609.445
sp,136,597.0,594.445,579.445,609.445
sp,137,597.0,594.445,579.445,609.445
sp,138,597.0,594.445,579.445,609.445
sp,139,598.0,594.445,579.445,609.445
sp,140,597.0,594.445,579.445,609.445
sp,141,597.0,594.445,579.445,609.445
sp,142,597.0,594.445,579.445,609.445
sp,143,597.0,594.445,579.445,609.445
sp,144,597.0,594.445,579.445,609.445
sp,145,597.0,594.445,579.445,609.445
sp,146,597.0,594.445,579.445,609.445
sp,147,597.0,594.445,579.445,609.445
sp,148,597.0,594.445,579.445,609.445
sp,149,597.0,594.445,579.445,609.445
sp,150,597.0,594.445,579.445,609.445
sp,151,597.0,594.445,579.445,609.445
sp,152,597.0,594.445,579.445,609.445
sp,153,597.0,594.445,579.445,609.445
sp,154,597.0,594.445,579.445,609.445
sp,155,597.0,594.445,579.445,609.445
sp,156,597.0,594.445,579.445,609.445
sp,157,596.0,594.445,579.445,609.445
sp,158,597.0,594.445,579.445,609.445
sp,159,597.0,594.445,579.445,609.445
sp,160,596.0,594.445,579.445,609.445
sp,161,597.0,594.445,579.445,609.445
sp,162,596.0,594.445,579.445,609.445
sp,163,597.0,594.445,579.445,609.445
sp,164,596.0,594.445,579.445,609.445
sp,165,597.0,594.445,579.445,609.445
sp,166,596.0,594.445,579.445,609.445
sp,167,597.0,594.445,579.445,609.445
sp,168,597.0,594.445,579.445,609.445
sp,169,596.0,594.445,579.445,609.445
sp,170,597.0,594.445,579.445,609.445
sp,171,596.0,594.445,579.445,609.445
sp,172,597.0,594.445,579.445,609.445
sp,173,597.0,594.445,579.445,609.445
sp,174,596.0,594.445,579.445,609.445
sp,175,597.0,594.445,579.445,609.445
sp,176,596.0,594.445,579.445,609.445
sp,177,596.0,594.445,579.445,609.445
sp,178,597.0,594.445,579.445,609.445
sp,179,596.0,594.445,579.445,609.445
sp,180,596.0,594.445,579.445,609.445
sp,181,596.0,594.445,579.445,609.445
sp,182,596.0,594.445,579.445,609.445
sp,183,596.0,594.445,579.445,609.445
sp,184,596.0,594.445,579.445,609.445
sp,185,596.0,594.445,579.445,609.445
sp,186,596.0,594.445,579.445,609.445
sp,187,596.0,594.445,579.445,609.445
sp,188,595.0,594.445,579.445,609.445
sp,189,596.0,594.445,579.445,609.445
sp,190,595.0,594.445,579.445,609.445
sp,191,596.0,594.445,579.445,609.445
sp,192,596.0,594.445,579.445,609.445
sp,193,596.0,594.445,579.445,609.445
sp,194,596.0,594.445,579.445,609.445
sp,195,595.0,594.445,579.445,609.445
sp,196,596.0,594.445,579.445,609.445
sp,197,596.0,594.445,579.445,609.445
sp,198,596.0,594.445,579.445,609.445
sp,199,596.0,594.445,579.445,609.445
sp,200,595.0,594.445,579.445,609.445
sp,201,596.0,594.445,579.445,609.445
sp,202,596.0,594.445,579.445,609.445
sp,203,597.0,594.445,579.445,609.445
sp,204,596.0,594.445,579.445,609.445
sp,205,596.0,594.445,579.445,609.445
sp,206,596.0,594.445,579.445,609.445
sp,207,596.0,594.445,579.445,609.445
sp,208,596.0,594.445,579.445,609.445
sp,209,596.0,594.445,579.445,609.445
sp,210,596.0,594.445,579.445,609.445
sp,211,596.0,594.445,579.445,609.445
sp,212,596.0,594.445,579.445,609.445
sp,213,596.0,594.445,579.445,609.445
sp,214,596.0,594.445,579.445,609.445
sp,215,596.0,594.445,579.445,609.445
sp,216,596.0,594.445,579.445,609.445
sp,217,596.0,594.445,579.445,609.445
sp,218,596.0,594.445,579.445,609.445
sp,219,596.0,594.445,579.445,609.445
sp,220,596.0,594.445,579.445,609.445
sp,221,596.0,594.445,579.445,609.445
sp,222,596.0,594.445,579.445,609.445
sp,223,596.0,594.445,579.445,609.445
sp,224,595.0,594.445,579.445,609.445
sp,225,596.0,594.445,579.445,609.445
sp,226,596.0,594.445,579.445,609.445
sp,227,595.0,594.445,579.445,609.445
sp,228,596.0,594.445,579.445,609.445
sp,229,596.0,594.445,579.445,609.445
sp,230,596.0,594.445,579.445,609.445
sp,231,596.0,594.445,579.445,609.445
sp,232,596.0,594.445,579.445,609.445
sp,233,596.0,594.445,579.445,609.445
sp,234,596.0,594.445,579.445,609.445
sp,235,595.0,594.445,579.445,609.445
sp,236,596.0,594.445,579.445,609.445
sp,237,596.0,594.445,579.445,609.445
sp,238,596.0,594.445,579.445,609.445
sp,239,596.0,594.445,579.445,609.445
sp,240,595.0,594.445,579.445,609.445
sp,241,596.0,594.445,579.445,609.445
sp,242,596.0,594.445,579.445,609.445
sp,243,596.0,594.445,579.445,609.445
sp,244,595.0,594.445,579.445,609.445
sp,245,596.0,594.445,579.445,609.445
sp,246,595.0,594.445,579.445,609.445
sp,247,596.0,594.445,579.445,609.445
sp,248,595.0,594.445,579.445,609.445
sp,249,595.0,594.445,579.445,609.445
sp,250,596.0,594.445,579.445,609.445
sp,251,595.0,594.445,579.445,609.445
sp,252,595.0,594.445,579.445,609.445
sp,253,595.0,594.445,579.445,609.445
sp,254,596.0,594.445,579.445,609.445
sp,255,595.0,594.445,579.445,609.445
sp,256,595.0,594.445,579.445,609.445
sp,257,596.0,594.445,579.445,609.445
sp,258,595.0,594.445,579.445,609.445
sp,259,595.0,594.445,579.445,609.445
sp,260,596.0,594.445,579.445,609.445
sp,261,595.0,594.445,579.445,609.445
sp,262,596.0,594.445,579.445,609.445
sp,263,595.0,594.445,579.445,609.445
sp,264,595.0,594.445,579.445,609.445
sp,265,596.0,594.445,579.445,609.445
sp,266,595.0,594.445,579.445,609.445
sp,267,596.0,594.445,579.445,609.445
sp,268,595.0,594.445,579.445,609.445
sp,269,595.0,594.445,579.445,609.445
sp,270,596.0,594.445,579.445,609.445
sp,271,595.0,594.445,579.445,609.445
sp,272,596.0,594.445,579.445,609.445
sp,273,595.0,594.445,579.445,609.445
sp,274,596.0,594.445,579.445,609.445
sp,275,595.0,594.445,579.445,609.445
sp,276,595.0,594.445,579.445,609.445
sp,277,595.0,594.445,579.445,609.445
sp,278,596.0,594.445,579.445,609.445
sp,279,595.0,594.445,579.445,609.445
sp,280,595.0,594.445,579.445,609.445
sp,281,595.0,594.445,579.445,609.445
sp,282,595.0,594.445,579.445,609.445
sp,283,595.0,594.445,579.445,609.445
sp,284,596.0,594.445,579.445,609.445
sp,285,595.0,594.445,579.445,609.445
sp,286,595.0,594.445,579.445,609.445
sp,287,596.0,594.445,579.445,609.445
sp,288,595.0,594.445,579.445,609.445
sp,289,595.0,594.445,579.445,609.445
sp,290,595.0,594.445,579.445,609.445
sp,291,596.0,594.445,579.445,609.445
sp,292,595.0,594.445,579.445,609.445
sp,293,595.0,594.445,579.445,609.445
sp,294,595.0,594.445,579.445,609.445
sp,295,595.0,594.445,579.445,609.445
sp,296,595.0,594.445,579.445,609.445
sp,297,595.0,594.445,579.445,609.445
sp,298,595.0,594.445,579.445,609.445
sp,299,595.0,594.445,579.445,609.445
sp,300,595.0,594.445,579.445,609.445
sp,301,595.0,594.445,579.445,609.445
sp,302,595.0,594.445,579.445,609.445
sp,303,595.0,594.445,579.445,609.445
sp,304,596.0,594.445,579.445,609.445
sp,305,595.0,594.445,579.445,609.445
sp,306,595.0,594.445,579.445,609.445
sp,307,595.0,594.445,579.445,609.445
sp,308,596.0,594.445,579.445,609.445
sp,309,595.0,594.445,579.445,609.445
sp,310,596.0,594.445,579.445,609.445
sp,311,596.0,594.445,579.445,609.445
sp,312,595.0,594.445,579.445,609.445
sp,313,596.0,594.445,579.445,609.445
sp,314,596.0,594.445,579.445,609.445
sp,315,596.0,594.445,579.445,609.445
sp,316,596.0,594.445,579.445,609.445
sp,317,596.0,594.445,579.445,609.445
sp,318,596.0,594.445,579.445,609.445
sp,319,596.0,594.445,579.445,609.445
sp,320,596.0,594.445,579.445,609.445
sp,321,596.0,594.445,579.445,609.445
sp,322,596.0,594.445,579.445,609.445
sp,323,596.0,594.445,579.445,609.445
sp,324,597.0,594.445,579.445,609.445
sp,325,596.0,594.445,579.445,609.445
sp,326,596.0,594.445,579.445,609.445
sp,327,596.0,594.445,579.445,609.445
sp,328,597.0,594.445,579.445,609.445
sp,329,596.0,594.445,579.445,609.445
sp,330,597.0,594.445,579.445,609.445
sp,331,596.0,594.445,579.445,609.445
sp,332,597.0,594.445,579.445,609.445
sp,333,596.0,594.445,579.445,609.445
sp,334,597.0,594.445,579.445,609.445
sp,335,597.0,594.445,579.445,609.445
sp,336,596.0,594.445,579.445,609.445
sp,337,597.0,594.445,579.445,609.445
sp,338,597.0,594.445,579.445,609.445
sp,339,596.0,594.445,579.445,609.445
sp,340,597.0,594.445,579.445,609.445
sp,341,596.0,594.445,579.445,609.445
sp,342,597.0,594.445,579.445,609.445
sp,343,597.0,594.445,579.445,609.445
sp,344,597.0,594.445,579.445,609.445
sp,345,597.0,594.445,579.445,609.445
sp,346,597.0,594.445,579.445,609.445
sp,347,597.0,594.445,579.445,609.445
sp,348,597.0,594.445,579.445,609.445
sp,349,597.0,594.445,579.445,609.445
sp,350,597.0,594.445,579.445,609.445
sp,351,597.0,594.445,579.445,609.445
sp,352,597.0,594.445,579.445,609.445
sp,353,598.0,594.445,579.445,609.445
sp,354,597.0,594.445,579.445,609.445
sp,355,597.0,594.445,579.445,609.445
sp,356,598.0,594.445,579.445,609.445
sp,357,597.0,594.445,579.445,609.445
sp,358,597.0,594.445,579.445,609.445
sp,359,598.0,594.445,579.445,609.445
sp,360,597.0,594.445,579.445,609.445
sp,361,598.0,594.445,579.445,609.445
sp,362,597.0,594.445,579.445,609.445
sp,363,598.0,594.445,579.445,609.445
sp,364,597.0,594.445,579.445,609.445
sp,365,598.0,594.445,579.445,609.445
sp,366,597.0,594.445,579.445,609.445
sp,367,598.0,594.445,579.445,609.445
sp,368,597.0,594.445,579.445,609.445
sp,369,598.0,594.445,579.445,609.445
sp,370,597.0,594.445,579.445,609.445
sp,371,597.0,594.445,579.445,609.445
sp,372,598.0,594.445,579.445,609.445
sp,373,597.0,594.445,579.445,609.445
sp,374,597.0,594.445,579.445,609.445
sp,375,597.0,594.445,579.445,609.445
sp,376,597.0,594.445,579.445,609.445
sp,377,596.0,594.445,579.445,609.445
sp,378,597.0,594.445,579.445,609.445
sp,379,597.0,594.445,579.445,609.445
sp,380,596.0,594.445,579.445,609.445
sp,381,597.0,594.445,579.445,609.445
sp,382,596.0,594.445,579.445,609.445
sp,383,597.0,594.445,579.445,609.445
sp,384,596.0,594.445,579.445,609.445
sp,385,596.0,594.445,579.445,609.445
sp,386,597.0,594.445,579.445,609.445
sp,387,596.0,594.445,579.445,609.445
sp,388,596.0,594.445,579.445,609.445
sp,389,597.0,594.445,579.445,609.445
sp,390,596.0,594.445,579.445,609.445
sp,391,596.0,594.445,579.445,609.445
sp,392,597.0,594.445,579.445,609.445
sp,393,596.0,594.445,579.445,609.445
sp,394,597.0,594.445,579.445,609.445
sp,395,596.0,594.445,579.445,609.445
sp,396,597.0,594.445,579.445,609.445
sp,397,596.0,594.445,579.445,609.445
sp,398,597.0,594.445,579.445,609.445
sp,399,596.0,594.445,579.445,609.445
sp,400,597.0,594.445,579.445,609.445
sp,401,597.0,594.445,579.445,609.445
sp,402,596.0,594.445,579.445,609.445
sp,403,597.0,594.445,579.445,609.445
sp,404,597.0,594.445,579.445,609.445
sp,405,597.0,594.445,579.445,609.445
sp,406,596.0,594.445,579.445,609.445
sp,407,597.0,594.445,579.445,609.445
sp,408,597.0,594.445,579.445,609.445
sp,409,597.0,594.445,579.445,609.445
sp,410,597.0,594.445,579.445,609.445
sp,411,597.0,594.445,579.445,609.445
sp,412,597.0,594.445,579.445,609.445
sp,413,597.0,594.445,579.445,609.445
sp,414,597.0,594.445,579.445,609.445
sp,415,598.0,594.445,579.445,609.445
sp,416,597.0,594.445,579.445,609.445
sp,417,597.0,594.445,579.445,609.445
sp,418,597.0,594.445,579.445,609.445
sp,419,598.0,594.445,579.445,609.445
sp,420,597.0,594.445,579.445,609.445
sp,421,598.0,594.445,579.445,609.445
sp,422,597.0,594.445,579.445,609.445
sp,423,598.0,594.445,579.445,609.445
sp,424,597.0,594.445,579.445,609.445
sp,425,598.0,594.445,579.445,609.445
sp,426,597.0,594.445,579.445,609.445
sp,427,598.0,594.445,579.445,609.445
sp,428,598.0,594.445,579.445,609.445
sp,429,597.0,594.445,579.445,609.445
sp,430,598.0,594.445,579.445,609.445
sp,431,597.0,594.445,579.445,609.445
sp,432,598.0,594.445,579.445,609.445
sp,433,597.0,594.445,579.445,609.445
sp,434,597.0,594.445,579.445,609.445
sp,435,598.0,594.445,579.445,609.445
sp,436,597.0,594.445,579.445,609.445
sp,437,597.0,594.445,579.445,609.445
sp,438,597.0,594.445,579.445,609.445
sp,439,597.0,594.445,579.445,609.445
sp,440,597.0,594.445,579.445,609.445
sp,441,598.0,594.445,579.445,609.445
sp,442,597.0,594.445,579.445,609.445
sp,443,597.0,594.445,579.445,609.445
sp,444,597.0,594.445,579.445,609.445
sp,445,597.0,594.445,579.445,609.445
sp,446,597.0,594.445,579.445,609.445
sp,447,597.0,594.445,579.445,609.445
sp,448,597.0,594.445,579.445,609.445
sp,449,597.0,594.445,579.445,609.445
sp,450,596.0,594.445,579.445,609.445
sp,451,597.0,594.445,579.445,609.445
sp,452,597.0,594.445,579.445,609.445
sp,453,597.0,594.445,579.445,609.445
sp,454,597.0,594.445,579.445,609.445
sp,455,596.0,594.445,579.445,609.445
sp,456,597.0,594.445,579.445,609.445
sp,457,597.0,594.445,579.445,609.445
sp,458,596.0,594.445,579.445,609.445
sp,459,597.0,594.445,579.445,609.445
sp,460,596.0,594.445,579.445,609.445
sp,461,597.0,594.445,579.445,609.445
sp,462,596.0,594.445,579.445,609.445
sp,463,597.0,594.445,579.445,609.445
sp,464,596.0,594.445,579.445,609.445
sp,465,596.0,594.445,579.445,609.445
sp,466,597.0,594.445,579.445,609.445
sp,467,596.0,594.445,579.445,609.445
sp,468,596.0,594.445,579.445,609.445
sp,469,597.0,594.445,579.445,609.445
sp,470,596.0,594.445,579.445,609.445
sp,471,596.0,594.445,579.445,609.445
sp,472,596.0,594.445,579.445,609.445
sp,473,596.0,594.445,579.445,609.445
sp,474,596.0,594.445,579.445,609.445
sp,475,596.0,594.445,579.445,609.445
sp,476,596.0,594.445,579.445,609.445
sp,477,596.0,594.445,579.445,609.445
sp,478,596.0,594.445,579.445,609.445
sp,479,596.0,594.445,579.445,609.445
sp,480,596.0,594.445,579.445,609.445
sp,481,596.0,594.445,579.445,609.445
sp,482,596.0,594.445,579.445,609.445
sp,483,595.0,594.445,579.445,609.445
sp,484,596.0,594.445,579.445,609.445
sp,485,596.0,594.445,579.445,609.445
sp,486,596.0,594.445,579.445,609.445
sp,487,595.0,594.445,579.445,609.445
sp,488,596.0,594.445,579.445,609.445
sp,489,596.0,594.445,579.445,609.445
sp,490,595.0,594.445,579.445,609.445
sp,491,596.0,594.445,579.445,609.445
sp,492,596.0,594.445,579.445,609.445
sp,493,595.0,594.445,579.445,609.445
sp,494,596.0,594.445,579.445,609.445
sp,495,596.0,594.445,579.445,609.445
sp,496,596.0,594.445,579.445,609.445
sp,497,596.0,594.445,579.445,609.445
sp,498,595.0,594.445,579.445,609.445
sp,499,596.0,594.445,579.445,609.445
sp,500,596.0,594.445,579.445,609.445
sp,501,596.0,594.445,579.445,609.445
sp,502,596.0,594.445,579.445,609.445
sp,503,596.0,594.445,579.445,609.445
sp,504,597.0,594.445,579.445,609.445
sp,505,596.0,594.445,579.445,609.445
sp,506,596.0,594.445,579.445,609.445
sp,507,596.0,594.445,579.445,609.445
sp,508,597.0,594.445,579.445,609.445
sp,509,596.0,594.445,579.445,609.445
sp,510,597.0,594.445,579.445,609.445
sp,511,596.0,594.445,579.445,609.445
sp,512,597.0,594.445,579.445,609.445
sp,513,596.0,594.445,579.445,609.445
sp,514,597.0,594.445,579.445,609.445
sp,515,596.0,594.445,579.445,609.445
sp,516,596.0,594.445,579.445,609.445
sp,517,597.0,594.445,579.445,609.445
sp,518,596.0,594.445,579.445,609.445
sp,519,597.0,594.445,579.445,609.445
sp,520,597.0,594.445,579.445,609.445
sp,521,596.0,594.445,579.445,609.445
sp,522,597.0,594.445,579.445,609.445
sp,523,596.0,594.445,579.445,609.445
sp,524,597.0,594.445,579.445,609.445
sp,525,596.0,594.445,579.445,609.445
sp,526,597.0,594.445,579.445,609.445
sp,527,597.0,594.445,579.445,609.445
sp,528,596.0,594.445,579.445,609.445
sp,529,597.0,594.445,579.445,609.445
sp,530,597.0,594.445,579.445,609.445
sp,531,596.0,594.445,579.445,609.445
sp,532,597.0,594.445,579.445,609.445
sp,533,597.0,594.445,579.445,609.445
sp,534,597.0,594.445,579.445,609.445
sp,535,598.0,594.445,579.445,609.445
sp,536,597.0,594.445,579.445,609.445
sp,537,597.0,594.445,579.445,609.445
sp,538,597.0,594.445,579.445,609.445
sp,539,598.0,594.445,579.445,609.445
sp,540,597.0,594.445,579.445,609.445
sp,541,598.0,594.445,579.445,609.445
sp,542,597.0,594.445,579.445,609.445
sp,543,597.0,594.445,579.445,609.445
sp,544,598.0,594.445,579.445,609.445
sp,545,597.0,594.445,579.445,609.445
sp,546,598.0,594.445,579.445,609.445
sp,547,597.0,594.445,579.445,609.445
sp,548,598.0,594.445,579.445,609.445
sp,549,597.0,594.445,579.445,609.445
sp,550,598.0,594.445,579.445,609.445
sp,551,598.0,594.445,579.445,609.445
sp,552,597.0,594.445,579.445,609.445
sp,553,598.0,594.445,579.445,609.445
sp,554,597.0,594.445,579.445,609.445
sp,555,598.0,594.445,579.445,609.445
sp,556,598.0,594.445,579.445,609.445
sp,557,597.0,594.445,579.445,609.445
sp,558,598.0,594.445,579.445,609.445
sp,559,597.0,594.445,579.445,609.445
sp,560,598.0,594.445,579.445,609.445
sp,561,597.0,594.445,579.445,609.445
sp,562,597.0,594.445,579.445,609.445
sp,563,598.0,594.445,579.445,609.445
sp,564,597.0,594.445,579.445,609.445
sp,565,597.0,594.445,579.445,609.445
sp,566,597.0,594.445,579.445,609.445
sp,567,597.0,594.445,579.445,609.445
sp,568,597.0,594.445,579.445,609.445
sp,569,597.0,594.445,579.445,609.445
sp,570,597.0,594.445,579.445,609.445
sp,571,597.0,594.445,579.445,609.445
sp,572,597.0,594.445,579.445,609.445
sp,573,597.0,594.445,579.445,609.445
sp,574,597.0,594.445,579.445,609.445
sp,575,597.0,594.445,579.445,609.445
sp,576,597.0,594.445,579.445,609.445
sp,577,597.0,594.445,579.445,609.445
sp,578,597.0,594.445,579.445,609.445
sp,579,597.0,594.445,579.445,609.445
sp,580,598.0,594.445,579.445,609.445
sp,581,597.0,594.445,579.445,609.445
sp,582,597.0,594.445,579.445,609.445
sp,583,598.0,594.445,579.445,609.445
sp,584,597.0,594.445,579.445,609.445
sp,585,597.0,594.445,579.445,609.445
sp,586,598.0,594.445,579.445,609.445
sp,587,597.0,594.445,579.445,609.445
sp,588,598.0,594.445,579.445,609.445
sp,589,597.0,594.445,579.445,609.445
sp,590,598.0,594.445,579.445,609.445
sp,591,597.0,594.445,579.445,609.445
sp,592,598.0,594.445,579.445,609.445
sp,593,597.0,594.445,579.445,609.445
sp,594,598.0,594.445,579.445,609.445
sp,595,597.0,594.445,579.445,609.445
sp,596,598.0,594.445,579.445,609.445
sp,597,597.0,594.445,579.445,609.445
sp,598,597.0,594.445,579.445,609.445
sp,599,598.0,594.445,579.445,609.445
sp,600,597.0,594.445,579.445,609.445
sp,601,598.0,594.445,579.445,609.445
sp,602,597.0,594.445,579.445,609.445
sp,603,597.0,594.445,579.445,609.445
sp,604,597.0,594.445,579.445,609.445
sp,605,597.0,594.445,579.445,609.445
sp,606,598.0,594.445,579.445,609.445
sp,607,597.0,594.445,579.445,609.445
sp,608,598.0,594.445,579.445,609.445
sp,609,598.0,594.445,579.445,609.445
sp,610,597.0,594.445,579.445,609.445
sp,611,598.0,594.445,579.445,609.445
sp,612,598.0,594.445,579.445,609.445
sp,613,597.0,594.445,579.445,609.445
sp,614,598.0,594.445,579.445,609.445
sp,615,598.0,594.445,579.445,609.445
sp,616,598.0,594.445,579.445,609.445
sp,617,598.0,594.445,579.445,609.445
sp,618,598.0,594.445,579.445,609.445
sp,619,598.0,594.445,579.445,609.445
sp,620,598.0,594.445,579.445,609.445
sp,621,598.0,594.445,579.445,609.445
sp,622,598.0,594.445,579.445,609.445
sp,623,598.0,594.445,579.445,609.445
sp,624,598.0,594.445,579.445,609.445
sp,625,599.0,594.445,579.445,609.445
sp,626,598.0,594.445,579.445,609.445
sp,627,598.0,594.445,579.445,609.445
sp,628,598.0,594.445,579.445,609.445
sp,629,598.0,594.445,579.445,609.445
sp,630,598.0,594.445,579.445,609.445
sp,631,598.0,594.445,579.445,609.445
sp,632,598.0,594.445,579.445,609.445
sp,633,598.0,594.445,579.445,609.445
sp,634,598.0,594.445,579.445,609.445
sp,635,598.0,594.445,579.445,609.445
sp,636,598.0,594.445,579.445,609.445
sp,637,598.0,594.445,579.445,609.445
sp,638,598.0,594.445,579.445,609.445
sp,639,598.0,594.445,579.445,609.445
sp,640,598.0,594.445,579.445,609.445
sp,641,598.0,594.445,579.445,609.445
sp,642,598.0,594.445,579.445,609.445
sp,643,598.0,594.445,579.445,609.445
sp,644,598.0,594.445,579.445,609.445
sp,645,597.0,594.445,579.445,609.445
sp,646,598.0,594.445,579.445,609.445
sp,647,598.0,594.445,579.445,609.445
sp,648,598.0,594.445,579.445,609.445
sp,649,597.0,594.445,579.445,609.445
sp,650,598.0,594.445,579.445,609.445
sp,651,598.0,594.445,579.445,609.445
sp,652,598.0,594.445,579.445,609.445
sp,653,597.0,594.445,579.445,609.445
sp,654,598.0,594.445,579.445,609.445
sp,655,598.0,594.445,579.445,609.445
sp,656,597.0,594.445,579.445,609.445
sp,657,598.0,594.445,579.445,609.445
sp,658,598.0,594.445,579.445,609.445
sp,659,598.0,594.445,579.445,609.445
sp,660,598.0,594.445,579.445,609.445
sp,661,598.0,594.445,579.445,609.445
sp,662,598.0,594.445,579.445,609.445
sp,663,598.0,594.445,579.445,609.445
sp,664,598.0,594.445,579.445,609.445
sp,665,597.0,594.445,579.445,609.445
sp,666,598.0,594.445,579.445,609.445
sp,667,599.0,594.445,579.445,609.445
sp,668,598.0,594.445,579.445,609.445
sp,669,598.0,594.445,579.445,609.445
sp,670,598.0,594.445,579.445,609.445
sp,671,598.0,594.445,579.445,609.445
sp,672,598.0,594.445,579.445,609.445
sp,673,598.0,594.445,579.445,609.445
sp,674,598.0,594.445,579.445,609.445
sp,675,598.0,594.445,579.445,609.445
sp,676,597.0,594.445,579.445,609.445
sp,677,598.0,594.445,579.445,609.445
sp,678,598.0,594.445,579.445,609.445
sp,679,598.0,594.445,579.445,609.445
sp,680,597.0,594.445,579.445,609.445
sp,681,598.0,594.445,579.445,609.445
sp,682,598.0,594.445,579.445,609.445
sp,683,597.0,594.445,579.445,609.445
sp,684,598.0,594.445,579.445,609.445
sp,685,597.0,594.445,579.445,609.445
sp,686,597.0,594.445,579.445,609.445
sp,687,598.0,594.445,579.445,609.445
sp,688,597.0,594.445,579.445,609.445
sp,689,598.0,594.445,579.445,609.445
sp,690,597.0,594.445,579.445,609.445
sp,691,598.0,594.445,579.445,609.445
sp,692,598.0,594.445,579.445,609.445
sp,693,597.0,594.445,579.445,609.445
sp,694,598.0,594.445,579.445,609.445
sp,695,598.0,594.445,579.445,609.445
sp,696,598.0,594.445,579.445,609.445
sp,697,598.0,594.445,579.445,609.445
sp,698,598.0,594.445,579.445,609.445
sp,699,598.0,594.445,579.445,609.445
sp,700,597.0,594.445,579.445,609.445
sp,701,598.0,594.445,579.445,609.445
sp,702,598.0,594.445,579.445,609.445
sp,703,597.0,594.445,579.445,609.445
sp,704,598.0,594.445,579.445,609.445
sp,705,598.0,594.445,579.445,609.445
sp,706,597.0,594.445,579.445,609.445
sp,707,598.0,594.445,579.445,609.445
sp,708,597.0,594.445,579.445,609.445
sp,709,598.0,594.445,579.445,609.445
sp,710,598.0,594.445,579.445,609.445
sp,711,598.0,594.445,579.445,609.445
sp,712,597.0,594.445,579.445,609.445
sp,713,598.0,594.445,579.445,609.445
sp,714,598.0,594.445,579.445,609.445
sp,715,597.0,594.445,579.445,609.445
sp,716,598.0,594.445,579.445,609.445
sp,717,598.0,594.445,579.445,609.445
sp,718,598.0,594.445,579.445,609.445
sp,719,598.0,594.445,579.445,609.445
sp,720,598.0,594.445,579.445,609.445
sp,721,598.0,594.445,579.445,609.445
sp,722,598.0,594.445,579.445,609.445
sp,723,598.0,594.445,579.445,609.445
sp,724,598.0,594.445,579.445,609.445
sp,725,598.0,594.445,579.445,609.445
sp,726,598.0,594.445,579.445,609.445
sp,727,598.0,594.445,579.445,609.445
sp,728,598.0,594.445,579.445,609.445
sp,729,598.0,594.445,579.445,609.445
sp,730,598.0,594.445,579.445,609.445
sp,731,598.0,594.445,579.445,609.445
sp,732,598.0,594.445,579.445,609.445
sp,733,598.0,594.445,579.445,609.445
sp,734,598.0,594.445,579.445,609.445
sp,735,599.0,594.445,579.445,609.445
sp,736,598.0,594.445,579.445,609.445
sp,737,598.0,594.445,579.445,609.445
sp,738,598.0,594.445,579.445,609.445
sp,739,599.0,594.445,579.445,609.445
sp,740,599.0,594.445,579.445,609.445
sp,741,598.0,594.445,579.445,609.445
sp,742,599.0,594.445,579.445,609.445
sp,743,599.0,594.445,579.445,609.445
sp,744,598.0,594.445,579.445,609.445
sp,745,599.0,594.445,579.445,609.445
sp,746,599.0,594.445,579.445,609.445
sp,747,599.0,594.445,579.445,609.445
sp,748,599.0,594.445,579.445,609.445
sp,749,599.0,594.445,579.445,609.445
sp,750,600.0,594.445,579.445,609.445
sp,751,599.0,594.445,579.445,609.445
sp,752,599.0,594.445,579.445,609.445
sp,753,600.0,594.445,579.445,609.445
sp,754,600.0,594.445,579.445,609.445
sp,755,599.0,594.445,579.445,609.445
sp,756,600.0,594.445,579.445,609.445
sp,757,599.0,594.445,579.445,609.445
sp,758,599.0,594.445,579.445,609.445
sp,759,600.0,594.445,579.445,609.445
sp,760,599.0,594.445,579.445,609.445
sp,761,599.0,594.445,579.445,609.445
sp,762,600.0,594.445,579.445,609.445
sp,763,599.0,594.445,579.445,609.445
sp,764,599.0,594.445,579.445,609.445
sp,765,598.0,594.445,579.445,609.445
sp,766,598.0,594.445,579.445,609.445
sp,767,598.0,594.445,579.445,609.445
sp,768,597.0,594.445,579.445,609.445
sp,769,598.0,594.445,579.445,609.445
sp,770,597.0,594.445,579.445,609.445
sp,771,597.0,594.445,579.445,609.445
sp,772,598.0,594.445,579.445,609.445
sp,773,597.0,594.445,579.445,609.445
sp,774,598.0,594.445,579.445,609.445
sp,775,598.0,594.445,579.445,609.445
sp,776,598.0,594.445,579.445,609.445
sp,777,597.0,594.445,579.445,609.445
sp,778,597.0,594.445,579.445,609.445
sp,779,597.0,594.445,579.445,609.445
sp,780,597.0,594.445,579.445,609.445
sp,781,597.0,594.445,579.445,609.445
sp,782,597.0,594.445,579.445,609.445
sp,783,596.0,594.445,579.445,609.445
sp,784,596.0,594.445,579.445,609.445
sp,785,597.0,594.445,579.445,609.445
sp,786,596.0,594.445,579.445,609.445
sp,787,596.0,594.445,579.445,609.445
sp,788,596.0,594.445,579.445,609.445
sp,789,596.0,594.445,579.445,609.445
sp,790,595.0,594.445,579.445,609.445
sp,791,596.0,594.445,579.445,609.445
sp,792,595.0,594.445,579.445,609.445
sp,793,596.0,594.445,579.445,609.445
sp,794,595.0,594.445,579.445,609.445
sp,795,596.0,594.445,579.445,609.445
sp,796,596.0,594.445,579.445,609.445
sp,797,595.0,594.445,579.445,609.445
sp,798,596.0,594.445,579.445,609.445
sp,799,596.0,594.445,579.445,609.445
sp,800,596.0,594.445,579.445,609.445
sp,801,595.0,594.445,579.445,609.445
sp,802,596.0,594.445,579.445,609.445
sp,803,596.0,594.445,579.445,609.445
sp,804,595.0,594.445,579.445,609.445
sp,805,596.0,594.445,579.445,609.445
sp,806,596.0,594.445,579.445,609.445
sp,807,596.0,594.445,579.445,609.445
sp,808,595.0,594.445,579.445,609.445
sp,809,596.0,594.445,579.445,609.445
sp,810,595.0,594.445,579.445,609.445
sp,811,595.0,594.445,579.445,609.445
sp,812,596.0,594.445,579.445,609.445
sp,813,595.0,594.445,579.445,609.445
sp,814,595.0,594.445,579.445,609.445
sp,815,595.0,594.445,579.445,609.445
sp,816,595.0,594.445,579.445,609.445
sp,817,596.0,594.445,579.445,609.445
sp,818,595.0,594.445,579.445,609.445
sp,819,596.0,594.445,579.445,609.445
sp,820,596.0,594.445,579.445,609.445
sp,821,595.0,594.445,579.445,609.445
sp,822,596.0,594.445,579.445,609.445
sp,823,596.0,594.445,579.445,609.445
sp,824,595.0,594.445,579.445,609.445
sp,825,596.0,594.445,579.445,609.445
sp,826,595.0,594.445,579.445,609.445
sp,827,596.0,594.445,579.445,609.445
sp,828,595.0,594.445,579.445,609.445
sp,829,596.0,594.445,579.445,609.445
sp,830,595.0,594.445,579.445,609.445
sp,831,595.0,594.445,579.445,609.445
sp,832,596.0,594.445,579.445,609.445
sp,833,595.0,594.445,579.445,609.445
sp,834,595.0,594.445,579.445,609.445
sp,835,595.0,594.445,579.445,609.445
sp,836,596.0,594.445,579.445,609.445
sp,837,595.0,594.445,579.445,609.445
sp,838,595.0,594.445,579.445,609.445
sp,839,595.0,594.445,579.445,609.445
sp,840,596.0,594.445,579.445,609.445
sp,841,595.0,594.445,579.445,609.445
sp,842,596.0,594.445,579.445,609.445
sp,843,595.0,594.445,579.445,609.445
sp,844,595.0,594.445,579.445,609.445
sp,845,595.0,594.445,579.445,609.445
sp,846,596.0,594.445,579.445,609.445
sp,847,595.0,594.445,579.445,609.445
sp,848,595.0,594.445,579.445,609.445
sp,849,594.0,594.445,579.445,609.445
sp,850,595.0,594.445,579.445,609.445
sp,851,595.0,594.445,579.445,609.445
sp,852,594.0,594.445,579.445,609.445
sp,853,595.0,594.445,579.445,609.445
sp,854,595.0,594.445,579.445,609.445
sp,855,594.0,594.445,579.445,609.445
sp,856,594.0,594.445,579.445,609.445
sp,857,594.0,594.445,579.445,609.445
sp,858,595.0,594.445,579.445,609.445
sp,859,594.0,594.445,579.445,609.445
sp,860,594.0,594.445,579.445,609.445
sp,861,594.0,594.445,579.445,609.445
sp,862,595.0,594.445,579.445,609.445
sp,863,594.0,594.445,579.445,609.445
sp,864,594.0,594.445,579.445,609.445
sp,865,594.0,594.445,579.445,609.445
sp,866,594.0,594.445,579.445,609.445
sp,867,595.0,594.445,579.445,609.445
sp,868,594.0,594.445,579.445,609.445
sp,869,595.0,594.445,579.445,609.445
sp,870,594.0,594.445,579.445,609.445
sp,871,595.0,594.445,579.445,609.445
sp,872,595.0,594.445,579.445,609.445
sp,873,595.0,594.445,579.445,609.445
sp,874,595.0,594.445,579.445,609.445
sp,875,595.0,594.445,579.445,609.445
sp,876,595.0,594.445,579.445,609.445
sp,877,595.0,594.445,579.445,609.445
sp,878,595.0,594.445,579.445,609.445
sp,879,595.0,594.445,579.445,609.445
sp,880,595.0,594.445,579.445,609.445
sp,881,596.0,594.445,579.445,609.445
sp,882,595.0,594.445,579.445,609.445
sp,883,596.0,594.445,579.445,609.445
sp,884,595.0,594.445,579.445,609.445
sp,885,596.0,594.445,579.445,609.445
sp,886,596.0,594.445,579.445,609.445
sp,887,596.0,594.445,579.445,609.445
sp,888,596.0,594.445,579.445,609.445
sp,889,595.0,594.445,579.445,609.445
sp,890,596.0,594.445,579.445,609.445
sp,891,596.0,594.445,579.445,609.445
sp,892,595.0,594.445,579.445,609.445
sp,893,596.0,594.445,579.445,609.445
sp,894,596.0,594.445,579.445,609.445
sp,895,596.0,594.445,579.445,609.445
sp,896,595.0,594.445,579.445,609.445
sp,897,596.0,594.445,579.445,609.445
sp,898,595.0,594.445,579.445,609.445
sp,899,595.0,594.445,579.445,609.445
